query_pair_id,query_subject,query_task_original,query_task_family,query_side,query_quality_flag,candidate_pair_id,candidate_subject,candidate_task_original,candidate_task_family,candidate_side,candidate_quality_flag,is_true_pair,match_level,number_of_candidates,heldout_subject,variant_name,variant_category,feature_space,score_kind,distance,weight_scheme,residualized,n_features,score,aperiodic_score,v2_score,v2_rank_for_stage,true_in_v2_top_k,rank
sub-0cGdk9|HoldL,sub-0cGdk9,HoldL,Hold,L,good,sub-0cGdk9|HoldL,sub-0cGdk9,HoldL,Hold,L,good,True,task_original_side_quality,7,sub-0cGdk9,v2A_top5_aperiodic_rerank,frozen_v2_candidate_generator,full_28_plus_coupling,group_balanced,cosine,baseline_all_weights_1,False,61,-1.938649524608993,0.5980429822554698,0.05495877352468829,1,True,1
sub-0cGdk9|HoldL,sub-0cGdk9,HoldL,Hold,L,good,sub-PuPVlx|HoldL,sub-PuPVlx,HoldL,Hold,L,good,False,task_original_side_quality,7,sub-0cGdk9,v2A_top5_aperiodic_rerank,frozen_v2_candidate_generator,full_28_plus_coupling,group_balanced,cosine,baseline_all_weights_1,False,61,-0.6993669115048833,0.6627370013494476,0.3679132015559842,3,True,2
sub-0cGdk9|HoldL,sub-0cGdk9,HoldL,Hold,L,good,sub-2IU8mi|HoldL,sub-2IU8mi,HoldL,Hold,L,good,False,task_original_side_quality,7,sub-0cGdk9,v2A_top5_aperiodic_rerank,frozen_v2_candidate_generator,full_28_plus_coupling,group_balanced,cosine,baseline_all_weights_1,False,61,-0.48691237801849696,0.7555696284485973,0.3008618424397508,2,True,3
sub-0cGdk9|HoldL,sub-0cGdk9,HoldL,Hold,L,good,sub-AbzsOg|HoldL,sub-AbzsOg,HoldL,Hold,L,good,False,task_original_side_quality,7,sub-0cGdk9,v2A_top5_aperiodic_rerank,frozen_v2_candidate_generator,full_28_plus_coupling,group_balanced,cosine,baseline_all_weights_1,False,61,1.3673367462965202,0.7259815616735955,0.9557364310509838,5,True,4
sub-0cGdk9|HoldL,sub-0cGdk9,HoldL,Hold,L,good,sub-QZTsn6|HoldL,sub-QZTsn6,HoldL,Hold,L,good,False,task_original_side_quality,7,sub-0cGdk9,v2A_top5_aperiodic_rerank,frozen_v2_candidate_generator,full_28_plus_coupling,group_balanced,cosine,baseline_all_weights_1,False,61,1.7575920678358543,0.9294287687274134,0.7839541034102263,4,True,5
sub-0cGdk9|HoldL,sub-0cGdk9,HoldL,Hold,L,good,sub-hnetKS|HoldL,sub-hnetKS,HoldL,Hold,L,good,False,task_original_side_quality,7,sub-0cGdk9,v2A_top5_aperiodic_rerank,frozen_v2_candidate_generator,full_28_plus_coupling,group_balanced,cosine,baseline_all_weights_1,False,61,1006.0,0.9840008377371532,0.9913901069435697,6,True,6
sub-0cGdk9|HoldL,sub-0cGdk9,HoldL,Hold,L,good,sub-dCsWjQ|HoldL,sub-dCsWjQ,HoldL,Hold,L,good,False,task_original_side_quality,7,sub-0cGdk9,v2A_top5_aperiodic_rerank,frozen_v2_candidate_generator,full_28_plus_coupling,group_balanced,cosine,baseline_all_weights_1,False,61,1007.0,0.4695991053333832,1.2711869226311647,7,True,7
sub-0cGdk9|MoveL,sub-0cGdk9,MoveL,Move,L,good,sub-0cGdk9|MoveL,sub-0cGdk9,MoveL,Move,L,good,True,task_original_side_quality,10,sub-0cGdk9,v2A_top5_aperiodic_rerank,frozen_v2_candidate_generator,full_28_plus_coupling,group_balanced,cosine,baseline_all_weights_1,False,61,-1.4178729803624233,1.0075423048785455,0.059447848154269324,1,True,1
sub-0cGdk9|MoveL,sub-0cGdk9,MoveL,Move,L,good,sub-PuPVlx|MoveL,sub-PuPVlx,MoveL,Move,L,good,False,task_original_side_quality,10,sub-0cGdk9,v2A_top5_aperiodic_rerank,frozen_v2_candidate_generator,full_28_plus_coupling,group_balanced,cosine,baseline_all_weights_1,False,61,-0.9950158516784827,0.7270626869796413,0.22582760790056408,2,True,2
sub-0cGdk9|MoveL,sub-0cGdk9,MoveL,Move,L,good,sub-QZTsn6|MoveL,sub-QZTsn6,MoveL,Move,L,good,False,task_original_side_quality,10,sub-0cGdk9,v2A_top5_aperiodic_rerank,frozen_v2_candidate_generator,full_28_plus_coupling,group_balanced,cosine,baseline_all_weights_1,False,61,-0.46469980886776674,0.16653310620700534,0.48283661842785247,3,True,3
sub-0cGdk9|MoveL,sub-0cGdk9,MoveL,Move,L,good,sub-2IU8mi|MoveL,sub-2IU8mi,MoveL,Move,L,good,False,task_original_side_quality,10,sub-0cGdk9,v2A_top5_aperiodic_rerank,frozen_v2_candidate_generator,full_28_plus_coupling,group_balanced,cosine,baseline_all_weights_1,False,61,0.9330471829708287,1.5803232347871528,0.49069125634875554,4,True,4
sub-0cGdk9|MoveL,sub-0cGdk9,MoveL,Move,L,good,sub-FYbcap|MoveL,sub-FYbcap,MoveL,Move,L,good,False,task_original_side_quality,10,sub-0cGdk9,v2A_top5_aperiodic_rerank,frozen_v2_candidate_generator,full_28_plus_coupling,group_balanced,cosine,baseline_all_weights_1,False,61,1.9445414579378437,1.4849616629128102,0.7553909116487568,5,True,5
sub-0cGdk9|MoveL,sub-0cGdk9,MoveL,Move,L,good,sub-gNX5yb|MoveL,sub-gNX5yb,MoveL,Move,L,good,False,task_original_side_quality,10,sub-0cGdk9,v2A_top5_aperiodic_rerank,frozen_v2_candidate_generator,full_28_plus_coupling,group_balanced,cosine,baseline_all_weights_1,False,61,1006.0,1.5866358919522923,0.8189262959654826,6,True,6
sub-0cGdk9|MoveL,sub-0cGdk9,MoveL,Move,L,good,sub-AB2PeX|MoveL,sub-AB2PeX,MoveL,Move,L,good,False,task_original_side_quality,10,sub-0cGdk9,v2A_top5_aperiodic_rerank,frozen_v2_candidate_generator,full_28_plus_coupling,group_balanced,cosine,baseline_all_weights_1,False,61,1007.0,0.8927784248862289,0.8250274087891926,7,True,7
sub-0cGdk9|MoveL,sub-0cGdk9,MoveL,Move,L,good,sub-AbzsOg|MoveL,sub-AbzsOg,MoveL,Move,L,good,False,task_original_side_quality,10,sub-0cGdk9,v2A_top5_aperiodic_rerank,frozen_v2_candidate_generator,full_28_plus_coupling,group_balanced,cosine,baseline_all_weights_1,False,61,1008.0,1.4363813703616457,1.1980018137781803,8,True,8
sub-0cGdk9|MoveL,sub-0cGdk9,MoveL,Move,L,good,sub-dCsWjQ|MoveL,sub-dCsWjQ,MoveL,Move,L,good,False,task_original_side_quality,10,sub-0cGdk9,v2A_top5_aperiodic_rerank,frozen_v2_candidate_generator,full_28_plus_coupling,group_balanced,cosine,baseline_all_weights_1,False,61,1009.0,0.7372254039021002,1.2257612776235514,9,True,9
sub-0cGdk9|MoveL,sub-0cGdk9,MoveL,Move,L,good,sub-hnetKS|MoveL,sub-hnetKS,MoveL,Move,L,good,False,task_original_side_quality,10,sub-0cGdk9,v2A_top5_aperiodic_rerank,frozen_v2_candidate_generator,full_28_plus_coupling,group_balanced,cosine,baseline_all_weights_1,False,61,1010.0,0.9035268741910547,1.3387449043675226,10,True,10
sub-2IU8mi|HoldL,sub-2IU8mi,HoldL,Hold,L,good,sub-2IU8mi|HoldL,sub-2IU8mi,HoldL,Hold,L,good,True,task_original_side_quality,7,sub-2IU8mi,v2A_top5_aperiodic_rerank,frozen_v2_candidate_generator,full_28_plus_coupling,group_balanced,cosine,baseline_all_weights_1,False,61,-1.5622065089877908,0.32691051979433183,0.328689068912138,2,True,1
sub-2IU8mi|HoldL,sub-2IU8mi,HoldL,Hold,L,good,sub-0cGdk9|HoldL,sub-0cGdk9,HoldL,Hold,L,good,False,task_original_side_quality,7,sub-2IU8mi,v2A_top5_aperiodic_rerank,frozen_v2_candidate_generator,full_28_plus_coupling,group_balanced,cosine,baseline_all_weights_1,False,61,-1.2529331487756112,1.107607934028589,0.21949368921348403,1,True,2
sub-2IU8mi|HoldL,sub-2IU8mi,HoldL,Hold,L,good,sub-hnetKS|HoldL,sub-hnetKS,HoldL,Hold,L,good,False,task_original_side_quality,7,sub-2IU8mi,v2A_top5_aperiodic_rerank,frozen_v2_candidate_generator,full_28_plus_coupling,group_balanced,cosine,baseline_all_weights_1,False,61,0.565759260825319,0.6540076139934031,0.7335667567994287,4,True,3
sub-2IU8mi|HoldL,sub-2IU8mi,HoldL,Hold,L,good,sub-PuPVlx|HoldL,sub-PuPVlx,HoldL,Hold,L,good,False,task_original_side_quality,7,sub-2IU8mi,v2A_top5_aperiodic_rerank,frozen_v2_candidate_generator,full_28_plus_coupling,group_balanced,cosine,baseline_all_weights_1,False,61,0.9545198952804521,1.7886469827225613,0.5611721880732947,3,True,4
sub-2IU8mi|HoldL,sub-2IU8mi,HoldL,Hold,L,good,sub-QZTsn6|HoldL,sub-QZTsn6,HoldL,Hold,L,good,False,task_original_side_quality,7,sub-2IU8mi,v2A_top5_aperiodic_rerank,frozen_v2_candidate_generator,full_28_plus_coupling,group_balanced,cosine,baseline_all_weights_1,False,61,1.2948605016576302,1.0654810234533225,0.8036668564802422,5,True,5
sub-2IU8mi|HoldL,sub-2IU8mi,HoldL,Hold,L,good,sub-AbzsOg|HoldL,sub-AbzsOg,HoldL,Hold,L,good,False,task_original_side_quality,7,sub-2IU8mi,v2A_top5_aperiodic_rerank,frozen_v2_candidate_generator,full_28_plus_coupling,group_balanced,cosine,baseline_all_weights_1,False,61,1006.0,0.57971229523533,0.9069494020012389,6,True,6
sub-2IU8mi|HoldL,sub-2IU8mi,HoldL,Hold,L,good,sub-dCsWjQ|HoldL,sub-dCsWjQ,HoldL,Hold,L,good,False,task_original_side_quality,7,sub-2IU8mi,v2A_top5_aperiodic_rerank,frozen_v2_candidate_generator,full_28_plus_coupling,group_balanced,cosine,baseline_all_weights_1,False,61,1007.0,1.5503156159283602,1.3957593254876548,7,True,7
sub-2IU8mi|MoveL,sub-2IU8mi,MoveL,Move,L,good,sub-2IU8mi|MoveL,sub-2IU8mi,MoveL,Move,L,good,True,task_original_side_quality,10,sub-2IU8mi,v2A_top5_aperiodic_rerank,frozen_v2_candidate_generator,full_28_plus_coupling,group_balanced,cosine,baseline_all_weights_1,False,61,-2.2779222038583335,0.3137950827337378,0.04743572890594252,1,True,1
sub-2IU8mi|MoveL,sub-2IU8mi,MoveL,Move,L,good,sub-gNX5yb|MoveL,sub-gNX5yb,MoveL,Move,L,good,False,task_original_side_quality,10,sub-2IU8mi,v2A_top5_aperiodic_rerank,frozen_v2_candidate_generator,full_28_plus_coupling,group_balanced,cosine,baseline_all_weights_1,False,61,-0.3883708950173155,0.6782186482080932,0.33604441893111386,2,True,2
sub-2IU8mi|MoveL,sub-2IU8mi,MoveL,Move,L,good,sub-FYbcap|MoveL,sub-FYbcap,MoveL,Move,L,good,False,task_original_side_quality,10,sub-2IU8mi,v2A_top5_aperiodic_rerank,frozen_v2_candidate_generator,full_28_plus_coupling,group_balanced,cosine,baseline_all_weights_1,False,61,0.3354636147296107,0.5545914652547927,0.5071597604616759,3,True,3
sub-2IU8mi|MoveL,sub-2IU8mi,MoveL,Move,L,good,sub-0cGdk9|MoveL,sub-0cGdk9,MoveL,Move,L,good,False,task_original_side_quality,10,sub-2IU8mi,v2A_top5_aperiodic_rerank,frozen_v2_candidate_generator,full_28_plus_coupling,group_balanced,cosine,baseline_all_weights_1,False,61,0.8105341425520582,0.5370399131047146,0.6048381258013057,5,True,4
sub-2IU8mi|MoveL,sub-2IU8mi,MoveL,Move,L,good,sub-PuPVlx|MoveL,sub-PuPVlx,MoveL,Move,L,good,False,task_original_side_quality,10,sub-2IU8mi,v2A_top5_aperiodic_rerank,frozen_v2_candidate_generator,full_28_plus_coupling,group_balanced,cosine,baseline_all_weights_1,False,61,1.5202953415939793,1.5508119100412128,0.5115128124980958,4,True,5
sub-2IU8mi|MoveL,sub-2IU8mi,MoveL,Move,L,good,sub-AB2PeX|MoveL,sub-AB2PeX,MoveL,Move,L,good,False,task_original_side_quality,10,sub-2IU8mi,v2A_top5_aperiodic_rerank,frozen_v2_candidate_generator,full_28_plus_coupling,group_balanced,cosine,baseline_all_weights_1,False,61,1006.0,1.1389326311083379,0.8188355305424332,6,True,6
sub-2IU8mi|MoveL,sub-2IU8mi,MoveL,Move,L,good,sub-QZTsn6|MoveL,sub-QZTsn6,MoveL,Move,L,good,False,task_original_side_quality,10,sub-2IU8mi,v2A_top5_aperiodic_rerank,frozen_v2_candidate_generator,full_28_plus_coupling,group_balanced,cosine,baseline_all_weights_1,False,61,1007.0,1.4501654062881022,0.8453966899980165,7,True,7
sub-2IU8mi|MoveL,sub-2IU8mi,MoveL,Move,L,good,sub-hnetKS|MoveL,sub-hnetKS,MoveL,Move,L,good,False,task_original_side_quality,10,sub-2IU8mi,v2A_top5_aperiodic_rerank,frozen_v2_candidate_generator,full_28_plus_coupling,group_balanced,cosine,baseline_all_weights_1,False,61,1008.0,0.7054519033344926,1.090701221084287,8,True,8
sub-2IU8mi|MoveL,sub-2IU8mi,MoveL,Move,L,good,sub-AbzsOg|MoveL,sub-AbzsOg,MoveL,Move,L,good,False,task_original_side_quality,10,sub-2IU8mi,v2A_top5_aperiodic_rerank,frozen_v2_candidate_generator,full_28_plus_coupling,group_balanced,cosine,baseline_all_weights_1,False,61,1009.0,0.12072312537669416,1.2391903487329734,9,True,9
sub-2IU8mi|MoveL,sub-2IU8mi,MoveL,Move,L,good,sub-dCsWjQ|MoveL,sub-dCsWjQ,MoveL,Move,L,good,False,task_original_side_quality,10,sub-2IU8mi,v2A_top5_aperiodic_rerank,frozen_v2_candidate_generator,full_28_plus_coupling,group_balanced,cosine,baseline_all_weights_1,False,61,1010.0,1.4068954871132728,1.5363379631119278,10,True,10
sub-2IhVOz|HoldR,sub-2IhVOz,HoldR,Hold,R,good,sub-FIyfdR|HoldR,sub-FIyfdR,HoldR,Hold,R,good,False,task_original_side_quality,3,sub-2IhVOz,v2A_top5_aperiodic_rerank,frozen_v2_candidate_generator,full_28_plus_coupling,group_balanced,cosine,baseline_all_weights_1,False,61,-1.1060912226801578,0.6451083687261793,0.7885826426869927,1,True,1
sub-2IhVOz|HoldR,sub-2IhVOz,HoldR,Hold,R,good,sub-jyC0j3|HoldR,sub-jyC0j3,HoldR,Hold,R,good,False,task_original_side_quality,3,sub-2IhVOz,v2A_top5_aperiodic_rerank,frozen_v2_candidate_generator,full_28_plus_coupling,group_balanced,cosine,baseline_all_weights_1,False,61,0.46912673883833045,0.8696386320809784,1.0202155720317874,2,True,2
sub-2IhVOz|HoldR,sub-2IhVOz,HoldR,Hold,R,good,sub-2IhVOz|HoldR,sub-2IhVOz,HoldR,Hold,R,good,True,task_original_side_quality,3,sub-2IhVOz,v2A_top5_aperiodic_rerank,frozen_v2_candidate_generator,full_28_plus_coupling,group_balanced,cosine,baseline_all_weights_1,False,61,0.6369644838418287,0.34434182784811773,1.3254485296083245,3,True,3
sub-2IhVOz|MoveR,sub-2IhVOz,MoveR,Move,R,low_quality,sub-jyC0j3|MoveR,sub-jyC0j3,MoveR,Move,R,good,False,task_original_side,4,sub-2IhVOz,v2A_top5_aperiodic_rerank,frozen_v2_candidate_generator,full_28_plus_coupling,group_balanced,cosine,baseline_all_weights_1,False,61,-0.5472887307719985,0.8247556556031508,0.9764887476667162,3,True,1
sub-2IhVOz|MoveR,sub-2IhVOz,MoveR,Move,R,low_quality,sub-VopvKx|MoveR,sub-VopvKx,MoveR,Move,R,caution,False,task_original_side,4,sub-2IhVOz,v2A_top5_aperiodic_rerank,frozen_v2_candidate_generator,full_28_plus_coupling,group_balanced,cosine,baseline_all_weights_1,False,61,-0.5200980506660344,1.5029547672343908,0.6784301235877653,1,True,2
sub-2IhVOz|MoveR,sub-2IhVOz,MoveR,Move,R,low_quality,sub-FIyfdR|MoveR,sub-FIyfdR,MoveR,Move,R,good,False,task_original_side,4,sub-2IhVOz,v2A_top5_aperiodic_rerank,frozen_v2_candidate_generator,full_28_plus_coupling,group_balanced,cosine,baseline_all_weights_1,False,61,-0.47948497168159737,1.0777540293661232,0.8778394855919228,2,True,3
sub-2IhVOz|MoveR,sub-2IhVOz,MoveR,Move,R,low_quality,sub-2IhVOz|MoveR,sub-2IhVOz,MoveR,Move,R,low_quality,True,task_original_side,4,sub-2IhVOz,v2A_top5_aperiodic_rerank,frozen_v2_candidate_generator,full_28_plus_coupling,group_balanced,cosine,baseline_all_weights_1,False,61,1.5468717531196303,1.1614356050833181,1.2810196469187163,4,True,4
sub-AB2PeX|HoldL,sub-AB2PeX,HoldL,Hold,L,low_quality,sub-AB2PeX|HoldL,sub-AB2PeX,HoldL,Hold,L,low_quality,True,task_original_side,12,sub-AB2PeX,v2A_top5_aperiodic_rerank,frozen_v2_candidate_generator,full_28_plus_coupling,group_balanced,cosine,baseline_all_weights_1,False,61,-1.2659617134608552,0.09783748736379749,0.3309516127494058,2,True,1
sub-AB2PeX|HoldL,sub-AB2PeX,HoldL,Hold,L,low_quality,sub-gNX5yb|HoldL,sub-gNX5yb,HoldL,Hold,L,acceptable,False,task_original_side,12,sub-AB2PeX,v2A_top5_aperiodic_rerank,frozen_v2_candidate_generator,full_28_plus_coupling,group_balanced,cosine,baseline_all_weights_1,False,61,-0.781156651868786,1.7982625160249635,0.2331033883113299,1,True,2
sub-AB2PeX|HoldL,sub-AB2PeX,HoldL,Hold,L,low_quality,sub-QZTsn6|HoldL,sub-QZTsn6,HoldL,Hold,L,good,False,task_original_side,12,sub-AB2PeX,v2A_top5_aperiodic_rerank,frozen_v2_candidate_generator,full_28_plus_coupling,group_balanced,cosine,baseline_all_weights_1,False,61,0.17958956918770708,0.18746112138752147,0.4804809530754892,3,True,3
sub-AB2PeX|HoldL,sub-AB2PeX,HoldL,Hold,L,low_quality,sub-FYbcap|HoldL,sub-FYbcap,HoldL,Hold,L,acceptable,False,task_original_side,12,sub-AB2PeX,v2A_top5_aperiodic_rerank,frozen_v2_candidate_generator,full_28_plus_coupling,group_balanced,cosine,baseline_all_weights_1,False,61,0.8605220540121263,0.9689448462002941,0.4854172672221701,4,True,4
sub-AB2PeX|HoldL,sub-AB2PeX,HoldL,Hold,L,low_quality,sub-0cGdk9|HoldL,sub-0cGdk9,HoldL,Hold,L,good,False,task_original_side,12,sub-AB2PeX,v2A_top5_aperiodic_rerank,frozen_v2_candidate_generator,full_28_plus_coupling,group_balanced,cosine,baseline_all_weights_1,False,61,1.007006742129807,0.8089386139927517,0.5155512594669246,5,True,5
sub-AB2PeX|HoldL,sub-AB2PeX,HoldL,Hold,L,low_quality,sub-2IU8mi|HoldL,sub-2IU8mi,HoldL,Hold,L,good,False,task_original_side,12,sub-AB2PeX,v2A_top5_aperiodic_rerank,frozen_v2_candidate_generator,full_28_plus_coupling,group_balanced,cosine,baseline_all_weights_1,False,61,1006.0,1.6150933195878185,0.6164933616429243,6,True,6
sub-AB2PeX|HoldL,sub-AB2PeX,HoldL,Hold,L,low_quality,sub-oLNpHd|HoldL,sub-oLNpHd,HoldL,Hold,L,unknown,False,task_original_side,12,sub-AB2PeX,v2A_top5_aperiodic_rerank,frozen_v2_candidate_generator,full_28_plus_coupling,group_balanced,cosine,baseline_all_weights_1,False,61,1007.0,1.6639694434646017,0.6711728269813168,7,True,7
sub-AB2PeX|HoldL,sub-AB2PeX,HoldL,Hold,L,low_quality,sub-PuPVlx|HoldL,sub-PuPVlx,HoldL,Hold,L,good,False,task_original_side,12,sub-AB2PeX,v2A_top5_aperiodic_rerank,frozen_v2_candidate_generator,full_28_plus_coupling,group_balanced,cosine,baseline_all_weights_1,False,61,1008.0,0.6225550678297487,0.6925726327737928,8,True,8
sub-AB2PeX|HoldL,sub-AB2PeX,HoldL,Hold,L,low_quality,sub-i4oK0F|HoldL,sub-i4oK0F,HoldL,Hold,L,acceptable,False,task_original_side,12,sub-AB2PeX,v2A_top5_aperiodic_rerank,frozen_v2_candidate_generator,full_28_plus_coupling,group_balanced,cosine,baseline_all_weights_1,False,61,1009.0,0.8768622062727444,0.7744101885772684,9,True,9
sub-AB2PeX|HoldL,sub-AB2PeX,HoldL,Hold,L,low_quality,sub-hnetKS|HoldL,sub-hnetKS,HoldL,Hold,L,good,False,task_original_side,12,sub-AB2PeX,v2A_top5_aperiodic_rerank,frozen_v2_candidate_generator,full_28_plus_coupling,group_balanced,cosine,baseline_all_weights_1,False,61,1010.0,0.6463662494829139,0.8157910560044694,10,True,10
sub-AB2PeX|HoldL,sub-AB2PeX,HoldL,Hold,L,low_quality,sub-dCsWjQ|HoldL,sub-dCsWjQ,HoldL,Hold,L,good,False,task_original_side,12,sub-AB2PeX,v2A_top5_aperiodic_rerank,frozen_v2_candidate_generator,full_28_plus_coupling,group_balanced,cosine,baseline_all_weights_1,False,61,1011.0,0.7820323985685498,1.1657442084153131,11,True,11
sub-AB2PeX|HoldL,sub-AB2PeX,HoldL,Hold,L,low_quality,sub-AbzsOg|HoldL,sub-AbzsOg,HoldL,Hold,L,good,False,task_original_side,12,sub-AB2PeX,v2A_top5_aperiodic_rerank,frozen_v2_candidate_generator,full_28_plus_coupling,group_balanced,cosine,baseline_all_weights_1,False,61,1012.0,1.8171081072832154,1.3148427757088583,12,True,12
sub-AB2PeX|MoveL,sub-AB2PeX,MoveL,Move,L,good,sub-AB2PeX|MoveL,sub-AB2PeX,MoveL,Move,L,good,True,task_original_side_quality,10,sub-AB2PeX,v2A_top5_aperiodic_rerank,frozen_v2_candidate_generator,full_28_plus_coupling,group_balanced,cosine,baseline_all_weights_1,False,61,-2.5985592342021038,0.20108510277158742,0.04698603144549059,1,True,1
sub-AB2PeX|MoveL,sub-AB2PeX,MoveL,Move,L,good,sub-QZTsn6|MoveL,sub-QZTsn6,MoveL,Move,L,good,False,task_original_side_quality,10,sub-AB2PeX,v2A_top5_aperiodic_rerank,frozen_v2_candidate_generator,full_28_plus_coupling,group_balanced,cosine,baseline_all_weights_1,False,61,0.20197543776908344,0.3214841828535495,0.6492293928314951,5,True,2
sub-AB2PeX|MoveL,sub-AB2PeX,MoveL,Move,L,good,sub-FYbcap|MoveL,sub-FYbcap,MoveL,Move,L,good,False,task_original_side_quality,10,sub-AB2PeX,v2A_top5_aperiodic_rerank,frozen_v2_candidate_generator,full_28_plus_coupling,group_balanced,cosine,baseline_all_weights_1,False,61,0.4347484699572043,1.1898977650387297,0.5521378186275575,2,True,3
sub-AB2PeX|MoveL,sub-AB2PeX,MoveL,Move,L,good,sub-2IU8mi|MoveL,sub-2IU8mi,MoveL,Move,L,good,False,task_original_side_quality,10,sub-AB2PeX,v2A_top5_aperiodic_rerank,frozen_v2_candidate_generator,full_28_plus_coupling,group_balanced,cosine,baseline_all_weights_1,False,61,0.9665287927951571,1.840111652911152,0.5589539936737359,3,True,4
sub-AB2PeX|MoveL,sub-AB2PeX,MoveL,Move,L,good,sub-gNX5yb|MoveL,sub-gNX5yb,MoveL,Move,L,good,False,task_original_side_quality,10,sub-AB2PeX,v2A_top5_aperiodic_rerank,frozen_v2_candidate_generator,full_28_plus_coupling,group_balanced,cosine,baseline_all_weights_1,False,61,0.9953065336806599,1.5145249862196022,0.6211668401941984,4,True,5
sub-AB2PeX|MoveL,sub-AB2PeX,MoveL,Move,L,good,sub-0cGdk9|MoveL,sub-0cGdk9,MoveL,Move,L,good,False,task_original_side_quality,10,sub-AB2PeX,v2A_top5_aperiodic_rerank,frozen_v2_candidate_generator,full_28_plus_coupling,group_balanced,cosine,baseline_all_weights_1,False,61,1006.0,1.1541099627370537,0.7172513914894166,6,True,6
sub-AB2PeX|MoveL,sub-AB2PeX,MoveL,Move,L,good,sub-hnetKS|MoveL,sub-hnetKS,MoveL,Move,L,good,False,task_original_side_quality,10,sub-AB2PeX,v2A_top5_aperiodic_rerank,frozen_v2_candidate_generator,full_28_plus_coupling,group_balanced,cosine,baseline_all_weights_1,False,61,1007.0,1.0374276588855804,0.8286239709562429,7,True,7
sub-AB2PeX|MoveL,sub-AB2PeX,MoveL,Move,L,good,sub-PuPVlx|MoveL,sub-PuPVlx,MoveL,Move,L,good,False,task_original_side_quality,10,sub-AB2PeX,v2A_top5_aperiodic_rerank,frozen_v2_candidate_generator,full_28_plus_coupling,group_balanced,cosine,baseline_all_weights_1,False,61,1008.0,0.5547721481203307,0.8799422085816134,8,True,8
sub-AB2PeX|MoveL,sub-AB2PeX,MoveL,Move,L,good,sub-dCsWjQ|MoveL,sub-dCsWjQ,MoveL,Move,L,good,False,task_original_side_quality,10,sub-AB2PeX,v2A_top5_aperiodic_rerank,frozen_v2_candidate_generator,full_28_plus_coupling,group_balanced,cosine,baseline_all_weights_1,False,61,1009.0,0.601867357881018,1.101163634923658,9,True,9
sub-AB2PeX|MoveL,sub-AB2PeX,MoveL,Move,L,good,sub-AbzsOg|MoveL,sub-AbzsOg,MoveL,Move,L,good,False,task_original_side_quality,10,sub-AB2PeX,v2A_top5_aperiodic_rerank,frozen_v2_candidate_generator,full_28_plus_coupling,group_balanced,cosine,baseline_all_weights_1,False,61,1010.0,1.8570949271703776,1.475023715237721,10,True,10
sub-AbzsOg|HoldL,sub-AbzsOg,HoldL,Hold,L,good,sub-AbzsOg|HoldL,sub-AbzsOg,HoldL,Hold,L,good,True,task_original_side_quality,7,sub-AbzsOg,v2A_top5_aperiodic_rerank,frozen_v2_candidate_generator,full_28_plus_coupling,group_balanced,cosine,baseline_all_weights_1,False,61,-2.2828242350543984,0.6098638279469724,0.3999109609027122,1,True,1
sub-AbzsOg|HoldL,sub-AbzsOg,HoldL,Hold,L,good,sub-dCsWjQ|HoldL,sub-dCsWjQ,HoldL,Hold,L,good,False,task_original_side_quality,7,sub-AbzsOg,v2A_top5_aperiodic_rerank,frozen_v2_candidate_generator,full_28_plus_coupling,group_balanced,cosine,baseline_all_weights_1,False,61,-0.04297758033870386,0.8734325996396509,0.7013103732396808,4,True,2
sub-AbzsOg|HoldL,sub-AbzsOg,HoldL,Hold,L,good,sub-QZTsn6|HoldL,sub-QZTsn6,HoldL,Hold,L,good,False,task_original_side_quality,7,sub-AbzsOg,v2A_top5_aperiodic_rerank,frozen_v2_candidate_generator,full_28_plus_coupling,group_balanced,cosine,baseline_all_weights_1,False,61,0.21442800162728726,1.1539679739836561,0.6177914265182638,2,True,3
sub-AbzsOg|HoldL,sub-AbzsOg,HoldL,Hold,L,good,sub-hnetKS|HoldL,sub-hnetKS,HoldL,Hold,L,good,False,task_original_side_quality,7,sub-AbzsOg,v2A_top5_aperiodic_rerank,frozen_v2_candidate_generator,full_28_plus_coupling,group_balanced,cosine,baseline_all_weights_1,False,61,0.3748440712076083,1.1473659175827269,0.6514074197789602,3,True,4
sub-AbzsOg|HoldL,sub-AbzsOg,HoldL,Hold,L,good,sub-PuPVlx|HoldL,sub-PuPVlx,HoldL,Hold,L,good,False,task_original_side_quality,7,sub-AbzsOg,v2A_top5_aperiodic_rerank,frozen_v2_candidate_generator,full_28_plus_coupling,group_balanced,cosine,baseline_all_weights_1,False,61,1.736529742558207,0.974053953622603,0.9921260309346421,5,True,5
sub-AbzsOg|HoldL,sub-AbzsOg,HoldL,Hold,L,good,sub-2IU8mi|HoldL,sub-2IU8mi,HoldL,Hold,L,good,False,task_original_side_quality,7,sub-AbzsOg,v2A_top5_aperiodic_rerank,frozen_v2_candidate_generator,full_28_plus_coupling,group_balanced,cosine,baseline_all_weights_1,False,61,1006.0,1.0077110873334778,1.0271116712286898,6,True,6
sub-AbzsOg|HoldL,sub-AbzsOg,HoldL,Hold,L,good,sub-0cGdk9|HoldL,sub-0cGdk9,HoldL,Hold,L,good,False,task_original_side_quality,7,sub-AbzsOg,v2A_top5_aperiodic_rerank,frozen_v2_candidate_generator,full_28_plus_coupling,group_balanced,cosine,baseline_all_weights_1,False,61,1007.0,0.3802721101462472,1.2573814035037298,7,True,7
sub-AbzsOg|MoveL,sub-AbzsOg,MoveL,Move,L,good,sub-AbzsOg|MoveL,sub-AbzsOg,MoveL,Move,L,good,True,task_original_side_quality,10,sub-AbzsOg,v2A_top5_aperiodic_rerank,frozen_v2_candidate_generator,full_28_plus_coupling,group_balanced,cosine,baseline_all_weights_1,False,61,-2.344577031791882,0.23758787083058563,0.3832058208194775,1,True,1
sub-AbzsOg|MoveL,sub-AbzsOg,MoveL,Move,L,good,sub-gNX5yb|MoveL,sub-gNX5yb,MoveL,Move,L,good,False,task_original_side_quality,10,sub-AbzsOg,v2A_top5_aperiodic_rerank,frozen_v2_candidate_generator,full_28_plus_coupling,group_balanced,cosine,baseline_all_weights_1,False,61,-0.1903344781733982,0.5629566836151305,0.6016107294566267,3,True,2
sub-AbzsOg|MoveL,sub-AbzsOg,MoveL,Move,L,good,sub-FYbcap|MoveL,sub-FYbcap,MoveL,Move,L,good,False,task_original_side_quality,10,sub-AbzsOg,v2A_top5_aperiodic_rerank,frozen_v2_candidate_generator,full_28_plus_coupling,group_balanced,cosine,baseline_all_weights_1,False,61,0.5251721223526548,1.263448251783661,0.5770119181814307,2,True,3
sub-AbzsOg|MoveL,sub-AbzsOg,MoveL,Move,L,good,sub-0cGdk9|MoveL,sub-0cGdk9,MoveL,Move,L,good,False,task_original_side_quality,10,sub-AbzsOg,v2A_top5_aperiodic_rerank,frozen_v2_candidate_generator,full_28_plus_coupling,group_balanced,cosine,baseline_all_weights_1,False,61,0.9344662059629811,0.45858313001737816,0.760617241108475,5,True,4
sub-AbzsOg|MoveL,sub-AbzsOg,MoveL,Move,L,good,sub-PuPVlx|MoveL,sub-PuPVlx,MoveL,Move,L,good,False,task_original_side_quality,10,sub-AbzsOg,v2A_top5_aperiodic_rerank,frozen_v2_candidate_generator,full_28_plus_coupling,group_balanced,cosine,baseline_all_weights_1,False,61,1.0752731816496421,1.064726836562099,0.6789908379242237,4,True,5
sub-AbzsOg|MoveL,sub-AbzsOg,MoveL,Move,L,good,sub-2IU8mi|MoveL,sub-2IU8mi,MoveL,Move,L,good,False,task_original_side_quality,10,sub-AbzsOg,v2A_top5_aperiodic_rerank,frozen_v2_candidate_generator,full_28_plus_coupling,group_balanced,cosine,baseline_all_weights_1,False,61,1006.0,0.26206982419680036,0.8448175413347784,6,True,6
sub-AbzsOg|MoveL,sub-AbzsOg,MoveL,Move,L,good,sub-QZTsn6|MoveL,sub-QZTsn6,MoveL,Move,L,good,False,task_original_side_quality,10,sub-AbzsOg,v2A_top5_aperiodic_rerank,frozen_v2_candidate_generator,full_28_plus_coupling,group_balanced,cosine,baseline_all_weights_1,False,61,1007.0,1.4697171910904439,0.8594663374826395,7,True,7
sub-AbzsOg|MoveL,sub-AbzsOg,MoveL,Move,L,good,sub-dCsWjQ|MoveL,sub-dCsWjQ,MoveL,Move,L,good,False,task_original_side_quality,10,sub-AbzsOg,v2A_top5_aperiodic_rerank,frozen_v2_candidate_generator,full_28_plus_coupling,group_balanced,cosine,baseline_all_weights_1,False,61,1008.0,0.8096936431884725,0.8772200371937212,8,True,8
sub-AbzsOg|MoveL,sub-AbzsOg,MoveL,Move,L,good,sub-hnetKS|MoveL,sub-hnetKS,MoveL,Move,L,good,False,task_original_side_quality,10,sub-AbzsOg,v2A_top5_aperiodic_rerank,frozen_v2_candidate_generator,full_28_plus_coupling,group_balanced,cosine,baseline_all_weights_1,False,61,1009.0,1.0421360885645234,1.0241474185145407,9,True,9
sub-AbzsOg|MoveL,sub-AbzsOg,MoveL,Move,L,good,sub-AB2PeX|MoveL,sub-AB2PeX,MoveL,Move,L,good,False,task_original_side_quality,10,sub-AbzsOg,v2A_top5_aperiodic_rerank,frozen_v2_candidate_generator,full_28_plus_coupling,group_balanced,cosine,baseline_all_weights_1,False,61,1010.0,1.5639315915074827,1.109836465789264,10,True,10
sub-FIyfdR|HoldR,sub-FIyfdR,HoldR,Hold,R,good,sub-FIyfdR|HoldR,sub-FIyfdR,HoldR,Hold,R,good,True,task_original_side_quality,3,sub-FIyfdR,v2A_top5_aperiodic_rerank,frozen_v2_candidate_generator,full_28_plus_coupling,group_balanced,cosine,baseline_all_weights_1,False,61,-2.093599431810783,0.11707419518760176,0.03571904944413168,1,True,1
sub-FIyfdR|HoldR,sub-FIyfdR,HoldR,Hold,R,good,sub-2IhVOz|HoldR,sub-2IhVOz,HoldR,Hold,R,good,False,task_original_side_quality,3,sub-FIyfdR,v2A_top5_aperiodic_rerank,frozen_v2_candidate_generator,full_28_plus_coupling,group_balanced,cosine,baseline_all_weights_1,False,61,0.9980085502760536,0.9412383938747862,0.6531432772288329,2,True,2
sub-FIyfdR|HoldR,sub-FIyfdR,HoldR,Hold,R,good,sub-jyC0j3|HoldR,sub-jyC0j3,HoldR,Hold,R,good,False,task_original_side_quality,3,sub-FIyfdR,v2A_top5_aperiodic_rerank,frozen_v2_candidate_generator,full_28_plus_coupling,group_balanced,cosine,baseline_all_weights_1,False,61,1.0955908815347293,0.768996787823391,0.7619422464832311,3,True,3
sub-FIyfdR|MoveR,sub-FIyfdR,MoveR,Move,R,good,sub-FIyfdR|MoveR,sub-FIyfdR,MoveR,Move,R,good,True,task_original_side,4,sub-FIyfdR,v2A_top5_aperiodic_rerank,frozen_v2_candidate_generator,full_28_plus_coupling,group_balanced,cosine,baseline_all_weights_1,False,61,-1.9463958386091273,0.5262458140003461,0.5086171309825672,1,True,1
sub-FIyfdR|MoveR,sub-FIyfdR,MoveR,Move,R,good,sub-2IhVOz|MoveR,sub-2IhVOz,MoveR,Move,R,low_quality,False,task_original_side,4,sub-FIyfdR,v2A_top5_aperiodic_rerank,frozen_v2_candidate_generator,full_28_plus_coupling,group_balanced,cosine,baseline_all_weights_1,False,61,-0.7953805860535201,0.7621600334399679,0.7393396300640819,2,True,2
sub-FIyfdR|MoveR,sub-FIyfdR,MoveR,Move,R,good,sub-VopvKx|MoveR,sub-VopvKx,MoveR,Move,R,caution,False,task_original_side,4,sub-FIyfdR,v2A_top5_aperiodic_rerank,frozen_v2_candidate_generator,full_28_plus_coupling,group_balanced,cosine,baseline_all_weights_1,False,61,1.289592245251086,1.6852933693939152,1.0116035706518136,3,True,3
sub-FIyfdR|MoveR,sub-FIyfdR,MoveR,Move,R,good,sub-jyC0j3|MoveR,sub-jyC0j3,MoveR,Move,R,good,False,task_original_side,4,sub-FIyfdR,v2A_top5_aperiodic_rerank,frozen_v2_candidate_generator,full_28_plus_coupling,group_balanced,cosine,baseline_all_weights_1,False,61,1.4521841794115615,1.212482114521269,1.1929058169158122,4,True,4
sub-FYbcap|HoldL,sub-FYbcap,HoldL,Hold,L,acceptable,sub-FYbcap|HoldL,sub-FYbcap,HoldL,Hold,L,acceptable,True,task_original_side_quality,3,sub-FYbcap,v2A_top5_aperiodic_rerank,frozen_v2_candidate_generator,full_28_plus_coupling,group_balanced,cosine,baseline_all_weights_1,False,61,-1.8539211133039846,0.48698377464866704,0.1786997994628673,1,True,1
sub-FYbcap|HoldL,sub-FYbcap,HoldL,Hold,L,acceptable,sub-i4oK0F|HoldL,sub-i4oK0F,HoldL,Hold,L,acceptable,False,task_original_side_quality,3,sub-FYbcap,v2A_top5_aperiodic_rerank,frozen_v2_candidate_generator,full_28_plus_coupling,group_balanced,cosine,baseline_all_weights_1,False,61,0.5634782004168162,0.6681500640401576,0.6688038516596104,3,True,2
sub-FYbcap|HoldL,sub-FYbcap,HoldL,Hold,L,acceptable,sub-gNX5yb|HoldL,sub-gNX5yb,HoldL,Hold,L,acceptable,False,task_original_side_quality,3,sub-FYbcap,v2A_top5_aperiodic_rerank,frozen_v2_candidate_generator,full_28_plus_coupling,group_balanced,cosine,baseline_all_weights_1,False,61,1.290442912887169,1.5608145570671397,0.6194608531685637,2,True,3
sub-FYbcap|MoveL,sub-FYbcap,MoveL,Move,L,good,sub-FYbcap|MoveL,sub-FYbcap,MoveL,Move,L,good,True,task_original_side_quality,10,sub-FYbcap,v2A_top5_aperiodic_rerank,frozen_v2_candidate_generator,full_28_plus_coupling,group_balanced,cosine,baseline_all_weights_1,False,61,-1.5886971742452969,0.09862490079980257,0.38052562311927834,2,True,1
sub-FYbcap|MoveL,sub-FYbcap,MoveL,Move,L,good,sub-AB2PeX|MoveL,sub-AB2PeX,MoveL,Move,L,good,False,task_original_side_quality,10,sub-FYbcap,v2A_top5_aperiodic_rerank,frozen_v2_candidate_generator,full_28_plus_coupling,group_balanced,cosine,baseline_all_weights_1,False,61,-1.116690404772274,1.0971642998178823,0.27117838653142323,1,True,2
sub-FYbcap|MoveL,sub-FYbcap,MoveL,Move,L,good,sub-QZTsn6|MoveL,sub-QZTsn6,MoveL,Move,L,good,False,task_original_side_quality,10,sub-FYbcap,v2A_top5_aperiodic_rerank,frozen_v2_candidate_generator,full_28_plus_coupling,group_balanced,cosine,baseline_all_weights_1,False,61,0.6191971719104161,1.0023561196687902,0.5189602502458451,3,True,3
sub-FYbcap|MoveL,sub-FYbcap,MoveL,Move,L,good,sub-gNX5yb|MoveL,sub-gNX5yb,MoveL,Move,L,good,False,task_original_side_quality,10,sub-FYbcap,v2A_top5_aperiodic_rerank,frozen_v2_candidate_generator,full_28_plus_coupling,group_balanced,cosine,baseline_all_weights_1,False,61,1.001639798535929,1.099579829782594,0.5531730787219743,4,True,4
sub-FYbcap|MoveL,sub-FYbcap,MoveL,Move,L,good,sub-2IU8mi|MoveL,sub-2IU8mi,MoveL,Move,L,good,False,task_original_side_quality,10,sub-FYbcap,v2A_top5_aperiodic_rerank,frozen_v2_candidate_generator,full_28_plus_coupling,group_balanced,cosine,baseline_all_weights_1,False,61,1.0845506085712238,0.6068673040993602,0.6492323985296738,5,True,5
sub-FYbcap|MoveL,sub-FYbcap,MoveL,Move,L,good,sub-0cGdk9|MoveL,sub-0cGdk9,MoveL,Move,L,good,False,task_original_side_quality,10,sub-FYbcap,v2A_top5_aperiodic_rerank,frozen_v2_candidate_generator,full_28_plus_coupling,group_balanced,cosine,baseline_all_weights_1,False,61,1006.0,0.7349368736085349,0.6879348972425122,6,True,6
sub-FYbcap|MoveL,sub-FYbcap,MoveL,Move,L,good,sub-hnetKS|MoveL,sub-hnetKS,MoveL,Move,L,good,False,task_original_side_quality,10,sub-FYbcap,v2A_top5_aperiodic_rerank,frozen_v2_candidate_generator,full_28_plus_coupling,group_balanced,cosine,baseline_all_weights_1,False,61,1007.0,0.40596010188496867,0.8246484274368259,7,True,7
sub-FYbcap|MoveL,sub-FYbcap,MoveL,Move,L,good,sub-PuPVlx|MoveL,sub-PuPVlx,MoveL,Move,L,good,False,task_original_side_quality,10,sub-FYbcap,v2A_top5_aperiodic_rerank,frozen_v2_candidate_generator,full_28_plus_coupling,group_balanced,cosine,baseline_all_weights_1,False,61,1008.0,1.557290652623263,0.8338769360391548,8,True,8
sub-FYbcap|MoveL,sub-FYbcap,MoveL,Move,L,good,sub-dCsWjQ|MoveL,sub-dCsWjQ,MoveL,Move,L,good,False,task_original_side_quality,10,sub-FYbcap,v2A_top5_aperiodic_rerank,frozen_v2_candidate_generator,full_28_plus_coupling,group_balanced,cosine,baseline_all_weights_1,False,61,1009.0,1.6600828546998967,1.1264092813043307,9,True,9
sub-FYbcap|MoveL,sub-FYbcap,MoveL,Move,L,good,sub-AbzsOg|MoveL,sub-AbzsOg,MoveL,Move,L,good,False,task_original_side_quality,10,sub-FYbcap,v2A_top5_aperiodic_rerank,frozen_v2_candidate_generator,full_28_plus_coupling,group_balanced,cosine,baseline_all_weights_1,False,61,1010.0,0.9302559957244195,1.425300643707067,10,True,10
sub-PuPVlx|HoldL,sub-PuPVlx,HoldL,Hold,L,good,sub-PuPVlx|HoldL,sub-PuPVlx,HoldL,Hold,L,good,True,task_original_side_quality,7,sub-PuPVlx,v2A_top5_aperiodic_rerank,frozen_v2_candidate_generator,full_28_plus_coupling,group_balanced,cosine,baseline_all_weights_1,False,61,-2.6231941987956953,0.17755250286291646,0.10018823714794971,1,True,1
sub-PuPVlx|HoldL,sub-PuPVlx,HoldL,Hold,L,good,sub-QZTsn6|HoldL,sub-QZTsn6,HoldL,Hold,L,good,False,task_original_side_quality,7,sub-PuPVlx,v2A_top5_aperiodic_rerank,frozen_v2_candidate_generator,full_28_plus_coupling,group_balanced,cosine,baseline_all_weights_1,False,61,-0.44096912108114383,1.2697734342302907,0.34336722097788325,2,True,2
sub-PuPVlx|HoldL,sub-PuPVlx,HoldL,Hold,L,good,sub-0cGdk9|HoldL,sub-0cGdk9,HoldL,Hold,L,good,False,task_original_side_quality,7,sub-PuPVlx,v2A_top5_aperiodic_rerank,frozen_v2_candidate_generator,full_28_plus_coupling,group_balanced,cosine,baseline_all_weights_1,False,61,0.8377337610720108,1.4216416344893141,0.6165554725848723,3,True,3
sub-PuPVlx|HoldL,sub-PuPVlx,HoldL,Hold,L,good,sub-2IU8mi|HoldL,sub-2IU8mi,HoldL,Hold,L,good,False,task_original_side_quality,7,sub-PuPVlx,v2A_top5_aperiodic_rerank,frozen_v2_candidate_generator,full_28_plus_coupling,group_balanced,cosine,baseline_all_weights_1,False,61,0.982019751258368,1.1670654895718784,0.7201307321783489,4,True,4
sub-PuPVlx|HoldL,sub-PuPVlx,HoldL,Hold,L,good,sub-AbzsOg|HoldL,sub-AbzsOg,HoldL,Hold,L,good,False,task_original_side_quality,7,sub-PuPVlx,v2A_top5_aperiodic_rerank,frozen_v2_candidate_generator,full_28_plus_coupling,group_balanced,cosine,baseline_all_weights_1,False,61,1.2444098075464618,1.3552163431937467,0.7341566236925906,5,True,5
sub-PuPVlx|HoldL,sub-PuPVlx,HoldL,Hold,L,good,sub-dCsWjQ|HoldL,sub-dCsWjQ,HoldL,Hold,L,good,False,task_original_side_quality,7,sub-PuPVlx,v2A_top5_aperiodic_rerank,frozen_v2_candidate_generator,full_28_plus_coupling,group_balanced,cosine,baseline_all_weights_1,False,61,1006.0,0.3625162495120561,0.7679623813165041,6,True,6
sub-PuPVlx|HoldL,sub-PuPVlx,HoldL,Hold,L,good,sub-hnetKS|HoldL,sub-hnetKS,HoldL,Hold,L,good,False,task_original_side_quality,7,sub-PuPVlx,v2A_top5_aperiodic_rerank,frozen_v2_candidate_generator,full_28_plus_coupling,group_balanced,cosine,baseline_all_weights_1,False,61,1007.0,1.616410486469237,1.2813609945827271,7,True,7
sub-PuPVlx|MoveL,sub-PuPVlx,MoveL,Move,L,good,sub-PuPVlx|MoveL,sub-PuPVlx,MoveL,Move,L,good,True,task_original_side_quality,10,sub-PuPVlx,v2A_top5_aperiodic_rerank,frozen_v2_candidate_generator,full_28_plus_coupling,group_balanced,cosine,baseline_all_weights_1,False,61,-2.272145884345203,0.11031270637809487,0.008975142068523493,1,True,1
sub-PuPVlx|MoveL,sub-PuPVlx,MoveL,Move,L,good,sub-0cGdk9|MoveL,sub-0cGdk9,MoveL,Move,L,good,False,task_original_side_quality,10,sub-PuPVlx,v2A_top5_aperiodic_rerank,frozen_v2_candidate_generator,full_28_plus_coupling,group_balanced,cosine,baseline_all_weights_1,False,61,-0.6850628675822672,1.1793925480183916,0.14167759660728024,2,True,2
sub-PuPVlx|MoveL,sub-PuPVlx,MoveL,Move,L,good,sub-QZTsn6|MoveL,sub-QZTsn6,MoveL,Move,L,good,False,task_original_side_quality,10,sub-PuPVlx,v2A_top5_aperiodic_rerank,frozen_v2_candidate_generator,full_28_plus_coupling,group_balanced,cosine,baseline_all_weights_1,False,61,0.2080826666332274,1.1715951755892304,0.3756744715421734,3,True,3
sub-PuPVlx|MoveL,sub-PuPVlx,MoveL,Move,L,good,sub-2IU8mi|MoveL,sub-2IU8mi,MoveL,Move,L,good,False,task_original_side_quality,10,sub-PuPVlx,v2A_top5_aperiodic_rerank,frozen_v2_candidate_generator,full_28_plus_coupling,group_balanced,cosine,baseline_all_weights_1,False,61,0.7038098889502777,1.1518672737451097,0.5095768590842806,4,True,4
sub-PuPVlx|MoveL,sub-PuPVlx,MoveL,Move,L,good,sub-FYbcap|MoveL,sub-FYbcap,MoveL,Move,L,good,False,task_original_side_quality,10,sub-PuPVlx,v2A_top5_aperiodic_rerank,frozen_v2_candidate_generator,full_28_plus_coupling,group_balanced,cosine,baseline_all_weights_1,False,61,2.045316196343966,1.6058569122563298,0.7392972292539713,5,True,5
sub-PuPVlx|MoveL,sub-PuPVlx,MoveL,Move,L,good,sub-gNX5yb|MoveL,sub-gNX5yb,MoveL,Move,L,good,False,task_original_side_quality,10,sub-PuPVlx,v2A_top5_aperiodic_rerank,frozen_v2_candidate_generator,full_28_plus_coupling,group_balanced,cosine,baseline_all_weights_1,False,61,1006.0,0.6170185875321197,0.818727489357113,6,True,6
sub-PuPVlx|MoveL,sub-PuPVlx,MoveL,Move,L,good,sub-dCsWjQ|MoveL,sub-dCsWjQ,MoveL,Move,L,good,False,task_original_side_quality,10,sub-PuPVlx,v2A_top5_aperiodic_rerank,frozen_v2_candidate_generator,full_28_plus_coupling,group_balanced,cosine,baseline_all_weights_1,False,61,1007.0,0.244248971019418,0.9673362575288277,7,True,7
sub-PuPVlx|MoveL,sub-PuPVlx,MoveL,Move,L,good,sub-AbzsOg|MoveL,sub-AbzsOg,MoveL,Move,L,good,False,task_original_side_quality,10,sub-PuPVlx,v2A_top5_aperiodic_rerank,frozen_v2_candidate_generator,full_28_plus_coupling,group_balanced,cosine,baseline_all_weights_1,False,61,1008.0,1.4102857612529907,1.0202034241333224,8,True,8
sub-PuPVlx|MoveL,sub-PuPVlx,MoveL,Move,L,good,sub-AB2PeX|MoveL,sub-AB2PeX,MoveL,Move,L,good,False,task_original_side_quality,10,sub-PuPVlx,v2A_top5_aperiodic_rerank,frozen_v2_candidate_generator,full_28_plus_coupling,group_balanced,cosine,baseline_all_weights_1,False,61,1009.0,0.6919152463164742,1.035360485671924,9,True,9
sub-PuPVlx|MoveL,sub-PuPVlx,MoveL,Move,L,good,sub-hnetKS|MoveL,sub-hnetKS,MoveL,Move,L,good,False,task_original_side_quality,10,sub-PuPVlx,v2A_top5_aperiodic_rerank,frozen_v2_candidate_generator,full_28_plus_coupling,group_balanced,cosine,baseline_all_weights_1,False,61,1010.0,1.7409173615689228,1.5259445055760004,10,True,10
sub-QZTsn6|HoldL,sub-QZTsn6,HoldL,Hold,L,good,sub-QZTsn6|HoldL,sub-QZTsn6,HoldL,Hold,L,good,True,task_original_side_quality,7,sub-QZTsn6,v2A_top5_aperiodic_rerank,frozen_v2_candidate_generator,full_28_plus_coupling,group_balanced,cosine,baseline_all_weights_1,False,61,-1.552799016725655,0.11873232647647125,0.35892776496577,2,True,1
sub-QZTsn6|HoldL,sub-QZTsn6,HoldL,Hold,L,good,sub-PuPVlx|HoldL,sub-PuPVlx,HoldL,Hold,L,good,False,task_original_side_quality,7,sub-QZTsn6,v2A_top5_aperiodic_rerank,frozen_v2_candidate_generator,full_28_plus_coupling,group_balanced,cosine,baseline_all_weights_1,False,61,-1.457164749121182,0.9438277063698601,0.19553663970633742,1,True,2
sub-QZTsn6|HoldL,sub-QZTsn6,HoldL,Hold,L,good,sub-0cGdk9|HoldL,sub-0cGdk9,HoldL,Hold,L,good,False,task_original_side_quality,7,sub-QZTsn6,v2A_top5_aperiodic_rerank,frozen_v2_candidate_generator,full_28_plus_coupling,group_balanced,cosine,baseline_all_weights_1,False,61,0.6138972654298034,0.5024612746496555,0.7322408016603981,5,True,3
sub-QZTsn6|HoldL,sub-QZTsn6,HoldL,Hold,L,good,sub-dCsWjQ|HoldL,sub-dCsWjQ,HoldL,Hold,L,good,False,task_original_side_quality,7,sub-QZTsn6,v2A_top5_aperiodic_rerank,frozen_v2_candidate_generator,full_28_plus_coupling,group_balanced,cosine,baseline_all_weights_1,False,61,1.1049948274741037,1.1876189295473762,0.6837198224212052,4,True,4
sub-QZTsn6|HoldL,sub-QZTsn6,HoldL,Hold,L,good,sub-AbzsOg|HoldL,sub-AbzsOg,HoldL,Hold,L,good,False,task_original_side_quality,7,sub-QZTsn6,v2A_top5_aperiodic_rerank,frozen_v2_candidate_generator,full_28_plus_coupling,group_balanced,cosine,baseline_all_weights_1,False,61,1.2910716729429308,1.444391818949953,0.6659658254002712,3,True,5
sub-QZTsn6|HoldL,sub-QZTsn6,HoldL,Hold,L,good,sub-2IU8mi|HoldL,sub-2IU8mi,HoldL,Hold,L,good,False,task_original_side_quality,7,sub-QZTsn6,v2A_top5_aperiodic_rerank,frozen_v2_candidate_generator,full_28_plus_coupling,group_balanced,cosine,baseline_all_weights_1,False,61,1006.0,1.367934781398306,0.7494628861377487,6,True,6
sub-QZTsn6|HoldL,sub-QZTsn6,HoldL,Hold,L,good,sub-hnetKS|HoldL,sub-hnetKS,HoldL,Hold,L,good,False,task_original_side_quality,7,sub-QZTsn6,v2A_top5_aperiodic_rerank,frozen_v2_candidate_generator,full_28_plus_coupling,group_balanced,cosine,baseline_all_weights_1,False,61,1007.0,0.251822709622712,1.1944459884380347,7,True,7
sub-QZTsn6|MoveL,sub-QZTsn6,MoveL,Move,L,good,sub-PuPVlx|MoveL,sub-PuPVlx,MoveL,Move,L,good,False,task_original_side_quality,10,sub-QZTsn6,v2A_top5_aperiodic_rerank,frozen_v2_candidate_generator,full_28_plus_coupling,group_balanced,cosine,baseline_all_weights_1,False,61,-1.1949829419609836,1.0727732310314666,0.12249395819095714,1,True,1
sub-QZTsn6|MoveL,sub-QZTsn6,MoveL,Move,L,good,sub-QZTsn6|MoveL,sub-QZTsn6,MoveL,Move,L,good,True,task_original_side_quality,10,sub-QZTsn6,v2A_top5_aperiodic_rerank,frozen_v2_candidate_generator,full_28_plus_coupling,group_balanced,cosine,baseline_all_weights_1,False,61,-0.9903076883118087,0.526355054425049,0.3405021892860632,3,True,2
sub-QZTsn6|MoveL,sub-QZTsn6,MoveL,Move,L,good,sub-0cGdk9|MoveL,sub-0cGdk9,MoveL,Move,L,good,False,task_original_side_quality,10,sub-QZTsn6,v2A_top5_aperiodic_rerank,frozen_v2_candidate_generator,full_28_plus_coupling,group_balanced,cosine,baseline_all_weights_1,False,61,-0.4401499699415628,0.992156750402191,0.30613062106750893,2,True,3
sub-QZTsn6|MoveL,sub-QZTsn6,MoveL,Move,L,good,sub-FYbcap|MoveL,sub-FYbcap,MoveL,Move,L,good,False,task_original_side_quality,10,sub-QZTsn6,v2A_top5_aperiodic_rerank,frozen_v2_candidate_generator,full_28_plus_coupling,group_balanced,cosine,baseline_all_weights_1,False,61,0.6378416711526796,0.6489897775924579,0.6415122195398242,4,True,4
sub-QZTsn6|MoveL,sub-QZTsn6,MoveL,Move,L,good,sub-2IU8mi|MoveL,sub-2IU8mi,MoveL,Move,L,good,False,task_original_side_quality,10,sub-QZTsn6,v2A_top5_aperiodic_rerank,frozen_v2_candidate_generator,full_28_plus_coupling,group_balanced,cosine,baseline_all_weights_1,False,61,1.9875989290616758,1.4450079716872586,0.6683897841130814,5,True,5
sub-QZTsn6|MoveL,sub-QZTsn6,MoveL,Move,L,good,sub-gNX5yb|MoveL,sub-gNX5yb,MoveL,Move,L,good,False,task_original_side_quality,10,sub-QZTsn6,v2A_top5_aperiodic_rerank,frozen_v2_candidate_generator,full_28_plus_coupling,group_balanced,cosine,baseline_all_weights_1,False,61,1006.0,1.5833847192884627,0.7676651062725499,6,True,6
sub-QZTsn6|MoveL,sub-QZTsn6,MoveL,Move,L,good,sub-dCsWjQ|MoveL,sub-dCsWjQ,MoveL,Move,L,good,False,task_original_side_quality,10,sub-QZTsn6,v2A_top5_aperiodic_rerank,frozen_v2_candidate_generator,full_28_plus_coupling,group_balanced,cosine,baseline_all_weights_1,False,61,1007.0,1.2650297900587166,0.7864910895622045,7,True,7
sub-QZTsn6|MoveL,sub-QZTsn6,MoveL,Move,L,good,sub-AbzsOg|MoveL,sub-AbzsOg,MoveL,Move,L,good,False,task_original_side_quality,10,sub-QZTsn6,v2A_top5_aperiodic_rerank,frozen_v2_candidate_generator,full_28_plus_coupling,group_balanced,cosine,baseline_all_weights_1,False,61,1008.0,1.3564574541666221,0.8275821193155509,8,True,8
sub-QZTsn6|MoveL,sub-QZTsn6,MoveL,Move,L,good,sub-AB2PeX|MoveL,sub-AB2PeX,MoveL,Move,L,good,False,task_original_side_quality,10,sub-QZTsn6,v2A_top5_aperiodic_rerank,frozen_v2_candidate_generator,full_28_plus_coupling,group_balanced,cosine,baseline_all_weights_1,False,61,1009.0,0.25543104674800177,1.137084984486728,9,True,9
sub-QZTsn6|MoveL,sub-QZTsn6,MoveL,Move,L,good,sub-hnetKS|MoveL,sub-hnetKS,MoveL,Move,L,good,False,task_original_side_quality,10,sub-QZTsn6,v2A_top5_aperiodic_rerank,frozen_v2_candidate_generator,full_28_plus_coupling,group_balanced,cosine,baseline_all_weights_1,False,61,1010.0,0.507492237199274,1.33530977477564,10,True,10
sub-VopvKx|HoldR,sub-VopvKx,HoldR,Hold,R,caution,sub-VopvKx|HoldR,sub-VopvKx,HoldR,Hold,R,caution,True,task_original_side,5,sub-VopvKx,v2A_top5_aperiodic_rerank,frozen_v2_candidate_generator,full_28_plus_coupling,group_balanced,cosine,baseline_all_weights_1,False,61,-2.073628309493352,0.6820816785139756,0.010810489867796943,1,True,1
sub-VopvKx|HoldR,sub-VopvKx,HoldR,Hold,R,caution,sub-jyC0j3|HoldR,sub-jyC0j3,HoldR,Hold,R,good,False,task_original_side,5,sub-VopvKx,v2A_top5_aperiodic_rerank,frozen_v2_candidate_generator,full_28_plus_coupling,group_balanced,cosine,baseline_all_weights_1,False,61,-0.6497196065410467,0.08642817647582768,0.7465938896406236,3,True,2
sub-VopvKx|HoldR,sub-VopvKx,HoldR,Hold,R,caution,sub-FIyfdR|HoldR,sub-FIyfdR,HoldR,Hold,R,good,False,task_original_side,5,sub-VopvKx,v2A_top5_aperiodic_rerank,frozen_v2_candidate_generator,full_28_plus_coupling,group_balanced,cosine,baseline_all_weights_1,False,61,0.7900207290559205,0.9743818734460197,0.9137146072399803,4,True,3
sub-VopvKx|HoldR,sub-VopvKx,HoldR,Hold,R,caution,sub-2IhVOz|HoldR,sub-2IhVOz,HoldR,Hold,R,good,False,task_original_side,5,sub-VopvKx,v2A_top5_aperiodic_rerank,frozen_v2_candidate_generator,full_28_plus_coupling,group_balanced,cosine,baseline_all_weights_1,False,61,0.8678852672038484,1.4955970859801115,0.7395878365369618,2,True,4
sub-VopvKx|HoldR,sub-VopvKx,HoldR,Hold,R,caution,sub-iDpl28|HoldR,sub-iDpl28,HoldR,Hold,R,unknown,False,task_original_side,5,sub-VopvKx,v2A_top5_aperiodic_rerank,frozen_v2_candidate_generator,full_28_plus_coupling,group_balanced,cosine,baseline_all_weights_1,False,61,1.0654419197746292,0.9383677804465573,1.0253770104879516,5,True,5
sub-VopvKx|MoveR,sub-VopvKx,MoveR,Move,R,caution,sub-VopvKx|MoveR,sub-VopvKx,MoveR,Move,R,caution,True,task_original_side,4,sub-VopvKx,v2A_top5_aperiodic_rerank,frozen_v2_candidate_generator,full_28_plus_coupling,group_balanced,cosine,baseline_all_weights_1,False,61,-2.0057510076026785,0.28765101458007314,0.018400822832378354,1,True,1
sub-VopvKx|MoveR,sub-VopvKx,MoveR,Move,R,caution,sub-jyC0j3|MoveR,sub-jyC0j3,MoveR,Move,R,good,False,task_original_side,4,sub-VopvKx,v2A_top5_aperiodic_rerank,frozen_v2_candidate_generator,full_28_plus_coupling,group_balanced,cosine,baseline_all_weights_1,False,61,-0.6441751102402697,0.25627650056966655,0.4322229405379649,2,True,2
sub-VopvKx|MoveR,sub-VopvKx,MoveR,Move,R,caution,sub-FIyfdR|MoveR,sub-FIyfdR,MoveR,Move,R,good,False,task_original_side,4,sub-VopvKx,v2A_top5_aperiodic_rerank,frozen_v2_candidate_generator,full_28_plus_coupling,group_balanced,cosine,baseline_all_weights_1,False,61,0.8814557472133895,0.7769257425500107,0.6727143112686108,3,True,3
sub-VopvKx|MoveR,sub-VopvKx,MoveR,Move,R,caution,sub-2IhVOz|MoveR,sub-2IhVOz,MoveR,Move,R,low_quality,False,task_original_side,4,sub-VopvKx,v2A_top5_aperiodic_rerank,frozen_v2_candidate_generator,full_28_plus_coupling,group_balanced,cosine,baseline_all_weights_1,False,61,1.768470370629559,1.1407642072142763,0.7879908718627978,4,True,4
sub-dCsWjQ|HoldL,sub-dCsWjQ,HoldL,Hold,L,good,sub-AbzsOg|HoldL,sub-AbzsOg,HoldL,Hold,L,good,False,task_original_side_quality,7,sub-dCsWjQ,v2A_top5_aperiodic_rerank,frozen_v2_candidate_generator,full_28_plus_coupling,group_balanced,cosine,baseline_all_weights_1,False,61,-1.7803022757580917,0.41645362755613347,0.3906331498375399,1,True,1
sub-dCsWjQ|HoldL,sub-dCsWjQ,HoldL,Hold,L,good,sub-PuPVlx|HoldL,sub-PuPVlx,HoldL,Hold,L,good,False,task_original_side_quality,7,sub-dCsWjQ,v2A_top5_aperiodic_rerank,frozen_v2_candidate_generator,full_28_plus_coupling,group_balanced,cosine,baseline_all_weights_1,False,61,-0.7176221435295018,1.0017463474570465,0.4520964694699003,2,True,2
sub-dCsWjQ|HoldL,sub-dCsWjQ,HoldL,Hold,L,good,sub-2IU8mi|HoldL,sub-2IU8mi,HoldL,Hold,L,good,False,task_original_side_quality,7,sub-dCsWjQ,v2A_top5_aperiodic_rerank,frozen_v2_candidate_generator,full_28_plus_coupling,group_balanced,cosine,baseline_all_weights_1,False,61,-0.41630305596230044,0.21840762899970134,0.56400923285366,3,True,3
sub-dCsWjQ|HoldL,sub-dCsWjQ,HoldL,Hold,L,good,sub-dCsWjQ|HoldL,sub-dCsWjQ,HoldL,Hold,L,good,True,task_original_side_quality,7,sub-dCsWjQ,v2A_top5_aperiodic_rerank,frozen_v2_candidate_generator,full_28_plus_coupling,group_balanced,cosine,baseline_all_weights_1,False,61,1.0085484335185413,0.7323876821604954,0.6733716063225099,5,True,4
sub-dCsWjQ|HoldL,sub-dCsWjQ,HoldL,Hold,L,good,sub-QZTsn6|HoldL,sub-QZTsn6,HoldL,Hold,L,good,False,task_original_side_quality,7,sub-dCsWjQ,v2A_top5_aperiodic_rerank,frozen_v2_candidate_generator,full_28_plus_coupling,group_balanced,cosine,baseline_all_weights_1,False,61,1.9056790417313507,1.8389592332850773,0.6643008329963398,4,True,5
sub-dCsWjQ|HoldL,sub-dCsWjQ,HoldL,Hold,L,good,sub-0cGdk9|HoldL,sub-0cGdk9,HoldL,Hold,L,good,False,task_original_side_quality,7,sub-dCsWjQ,v2A_top5_aperiodic_rerank,frozen_v2_candidate_generator,full_28_plus_coupling,group_balanced,cosine,baseline_all_weights_1,False,61,1006.0,1.6895526464836415,0.6757001731250858,6,True,6
sub-dCsWjQ|HoldL,sub-dCsWjQ,HoldL,Hold,L,good,sub-hnetKS|HoldL,sub-hnetKS,HoldL,Hold,L,good,False,task_original_side_quality,7,sub-dCsWjQ,v2A_top5_aperiodic_rerank,frozen_v2_candidate_generator,full_28_plus_coupling,group_balanced,cosine,baseline_all_weights_1,False,61,1007.0,1.6311831310389098,0.9969518851773814,7,True,7
sub-dCsWjQ|MoveL,sub-dCsWjQ,MoveL,Move,L,good,sub-PuPVlx|MoveL,sub-PuPVlx,MoveL,Move,L,good,False,task_original_side_quality,10,sub-dCsWjQ,v2A_top5_aperiodic_rerank,frozen_v2_candidate_generator,full_28_plus_coupling,group_balanced,cosine,baseline_all_weights_1,False,61,-1.4582709293617138,0.8627676119444767,0.4504825974797639,1,False,1
sub-dCsWjQ|MoveL,sub-dCsWjQ,MoveL,Move,L,good,sub-0cGdk9|MoveL,sub-0cGdk9,MoveL,Move,L,good,False,task_original_side_quality,10,sub-dCsWjQ,v2A_top5_aperiodic_rerank,frozen_v2_candidate_generator,full_28_plus_coupling,group_balanced,cosine,baseline_all_weights_1,False,61,-1.2083830176137142,0.7321376687780008,0.4880740500537735,2,False,2
sub-dCsWjQ|MoveL,sub-dCsWjQ,MoveL,Move,L,good,sub-AbzsOg|MoveL,sub-AbzsOg,MoveL,Move,L,good,False,task_original_side_quality,10,sub-dCsWjQ,v2A_top5_aperiodic_rerank,frozen_v2_candidate_generator,full_28_plus_coupling,group_balanced,cosine,baseline_all_weights_1,False,61,-0.0798200467209097,0.42183854751247796,0.6304544672097778,3,False,3
sub-dCsWjQ|MoveL,sub-dCsWjQ,MoveL,Move,L,good,sub-FYbcap|MoveL,sub-FYbcap,MoveL,Move,L,good,False,task_original_side_quality,10,sub-dCsWjQ,v2A_top5_aperiodic_rerank,frozen_v2_candidate_generator,full_28_plus_coupling,group_balanced,cosine,baseline_all_weights_1,False,61,0.5928478606173289,0.8352747652489898,0.6567065865235752,4,False,4
sub-dCsWjQ|MoveL,sub-dCsWjQ,MoveL,Move,L,good,sub-QZTsn6|MoveL,sub-QZTsn6,MoveL,Move,L,good,False,task_original_side_quality,10,sub-dCsWjQ,v2A_top5_aperiodic_rerank,frozen_v2_candidate_generator,full_28_plus_coupling,group_balanced,cosine,baseline_all_weights_1,False,61,2.153626133079011,1.9173363768931582,0.7055931481638265,5,False,5
sub-dCsWjQ|MoveL,sub-dCsWjQ,MoveL,Move,L,good,sub-gNX5yb|MoveL,sub-gNX5yb,MoveL,Move,L,good,False,task_original_side_quality,10,sub-dCsWjQ,v2A_top5_aperiodic_rerank,frozen_v2_candidate_generator,full_28_plus_coupling,group_balanced,cosine,baseline_all_weights_1,False,61,1006.0,0.1596484854858562,0.7134222809134899,6,False,6
sub-dCsWjQ|MoveL,sub-dCsWjQ,MoveL,Move,L,good,sub-2IU8mi|MoveL,sub-2IU8mi,MoveL,Move,L,good,False,task_original_side_quality,10,sub-dCsWjQ,v2A_top5_aperiodic_rerank,frozen_v2_candidate_generator,full_28_plus_coupling,group_balanced,cosine,baseline_all_weights_1,False,61,1007.0,0.21662024778244326,0.825877082217307,7,False,7
sub-dCsWjQ|MoveL,sub-dCsWjQ,MoveL,Move,L,good,sub-dCsWjQ|MoveL,sub-dCsWjQ,MoveL,Move,L,good,True,task_original_side_quality,10,sub-dCsWjQ,v2A_top5_aperiodic_rerank,frozen_v2_candidate_generator,full_28_plus_coupling,group_balanced,cosine,baseline_all_weights_1,False,61,1008.0,0.804040747562399,0.9143766919115247,8,False,8
sub-dCsWjQ|MoveL,sub-dCsWjQ,MoveL,Move,L,good,sub-hnetKS|MoveL,sub-hnetKS,MoveL,Move,L,good,False,task_original_side_quality,10,sub-dCsWjQ,v2A_top5_aperiodic_rerank,frozen_v2_candidate_generator,full_28_plus_coupling,group_balanced,cosine,baseline_all_weights_1,False,61,1009.0,1.5083366379356256,1.2882496525428675,9,False,9
sub-dCsWjQ|MoveL,sub-dCsWjQ,MoveL,Move,L,good,sub-AB2PeX|MoveL,sub-AB2PeX,MoveL,Move,L,good,False,task_original_side_quality,10,sub-dCsWjQ,v2A_top5_aperiodic_rerank,frozen_v2_candidate_generator,full_28_plus_coupling,group_balanced,cosine,baseline_all_weights_1,False,61,1010.0,1.288365845526709,1.3294120320937453,10,False,10
sub-gNX5yb|HoldL,sub-gNX5yb,HoldL,Hold,L,acceptable,sub-gNX5yb|HoldL,sub-gNX5yb,HoldL,Hold,L,acceptable,True,task_original_side_quality,3,sub-gNX5yb,v2A_top5_aperiodic_rerank,frozen_v2_candidate_generator,full_28_plus_coupling,group_balanced,cosine,baseline_all_weights_1,False,61,-1.5362486534084616,0.029910126628206912,0.2749951704075353,1,True,1
sub-gNX5yb|HoldL,sub-gNX5yb,HoldL,Hold,L,acceptable,sub-FYbcap|HoldL,sub-FYbcap,HoldL,Hold,L,acceptable,False,task_original_side_quality,3,sub-gNX5yb,v2A_top5_aperiodic_rerank,frozen_v2_candidate_generator,full_28_plus_coupling,group_balanced,cosine,baseline_all_weights_1,False,61,0.17659803331613205,1.2228309070514856,0.4183474032642034,2,True,2
sub-gNX5yb|HoldL,sub-gNX5yb,HoldL,Hold,L,acceptable,sub-i4oK0F|HoldL,sub-i4oK0F,HoldL,Hold,L,acceptable,False,task_original_side_quality,3,sub-gNX5yb,v2A_top5_aperiodic_rerank,frozen_v2_candidate_generator,full_28_plus_coupling,group_balanced,cosine,baseline_all_weights_1,False,61,1.3596506200923293,0.5882071060730083,0.956108889615182,3,True,3
sub-gNX5yb|MoveL,sub-gNX5yb,MoveL,Move,L,good,sub-gNX5yb|MoveL,sub-gNX5yb,MoveL,Move,L,good,True,task_original_side_quality,10,sub-gNX5yb,v2A_top5_aperiodic_rerank,frozen_v2_candidate_generator,full_28_plus_coupling,group_balanced,cosine,baseline_all_weights_1,False,61,-2.14707478233527,0.266514952253484,0.1496218418945431,1,True,1
sub-gNX5yb|MoveL,sub-gNX5yb,MoveL,Move,L,good,sub-2IU8mi|MoveL,sub-2IU8mi,MoveL,Move,L,good,False,task_original_side_quality,10,sub-gNX5yb,v2A_top5_aperiodic_rerank,frozen_v2_candidate_generator,full_28_plus_coupling,group_balanced,cosine,baseline_all_weights_1,False,61,-0.9430986458714727,0.5066702254363109,0.34105086803786033,2,True,2
sub-gNX5yb|MoveL,sub-gNX5yb,MoveL,Move,L,good,sub-AB2PeX|MoveL,sub-AB2PeX,MoveL,Move,L,good,False,task_original_side_quality,10,sub-gNX5yb,v2A_top5_aperiodic_rerank,frozen_v2_candidate_generator,full_28_plus_coupling,group_balanced,cosine,baseline_all_weights_1,False,61,0.3108574476951832,1.1607807330939965,0.46690726527031573,4,True,3
sub-gNX5yb|MoveL,sub-gNX5yb,MoveL,Move,L,good,sub-FYbcap|MoveL,sub-FYbcap,MoveL,Move,L,good,False,task_original_side_quality,10,sub-gNX5yb,v2A_top5_aperiodic_rerank,frozen_v2_candidate_generator,full_28_plus_coupling,group_balanced,cosine,baseline_all_weights_1,False,61,0.5980278334610178,1.5029193705296218,0.46072689388849003,3,True,4
sub-gNX5yb|MoveL,sub-gNX5yb,MoveL,Move,L,good,sub-hnetKS|MoveL,sub-hnetKS,MoveL,Move,L,good,False,task_original_side_quality,10,sub-gNX5yb,v2A_top5_aperiodic_rerank,frozen_v2_candidate_generator,full_28_plus_coupling,group_balanced,cosine,baseline_all_weights_1,False,61,2.1812881470505423,1.616430884245203,0.749276460981451,5,True,5
sub-gNX5yb|MoveL,sub-gNX5yb,MoveL,Move,L,good,sub-QZTsn6|MoveL,sub-QZTsn6,MoveL,Move,L,good,False,task_original_side_quality,10,sub-gNX5yb,v2A_top5_aperiodic_rerank,frozen_v2_candidate_generator,full_28_plus_coupling,group_balanced,cosine,baseline_all_weights_1,False,61,1006.0,1.5776492285668533,0.8784372833246387,6,True,6
sub-gNX5yb|MoveL,sub-gNX5yb,MoveL,Move,L,good,sub-PuPVlx|MoveL,sub-PuPVlx,MoveL,Move,L,good,False,task_original_side_quality,10,sub-gNX5yb,v2A_top5_aperiodic_rerank,frozen_v2_candidate_generator,full_28_plus_coupling,group_balanced,cosine,baseline_all_weights_1,False,61,1007.0,0.4512323651725212,0.9780949329715479,7,True,7
sub-gNX5yb|MoveL,sub-gNX5yb,MoveL,Move,L,good,sub-0cGdk9|MoveL,sub-0cGdk9,MoveL,Move,L,good,False,task_original_side_quality,10,sub-gNX5yb,v2A_top5_aperiodic_rerank,frozen_v2_candidate_generator,full_28_plus_coupling,group_balanced,cosine,baseline_all_weights_1,False,61,1008.0,0.7325736385516335,1.0030092453950161,8,True,8
sub-gNX5yb|MoveL,sub-gNX5yb,MoveL,Move,L,good,sub-AbzsOg|MoveL,sub-AbzsOg,MoveL,Move,L,good,False,task_original_side_quality,10,sub-gNX5yb,v2A_top5_aperiodic_rerank,frozen_v2_candidate_generator,full_28_plus_coupling,group_balanced,cosine,baseline_all_weights_1,False,61,1009.0,0.4787671383261882,1.0900459910936178,9,True,9
sub-gNX5yb|MoveL,sub-gNX5yb,MoveL,Move,L,good,sub-dCsWjQ|MoveL,sub-dCsWjQ,MoveL,Move,L,good,False,task_original_side_quality,10,sub-gNX5yb,v2A_top5_aperiodic_rerank,frozen_v2_candidate_generator,full_28_plus_coupling,group_balanced,cosine,baseline_all_weights_1,False,61,1010.0,0.43686311738782124,1.2048475363270608,10,True,10
sub-hnetKS|HoldL,sub-hnetKS,HoldL,Hold,L,good,sub-hnetKS|HoldL,sub-hnetKS,HoldL,Hold,L,good,True,task_original_side_quality,7,sub-hnetKS,v2A_top5_aperiodic_rerank,frozen_v2_candidate_generator,full_28_plus_coupling,group_balanced,cosine,baseline_all_weights_1,False,61,-2.466962300559163,0.015013474856863662,0.2759279162237444,1,True,1
sub-hnetKS|HoldL,sub-hnetKS,HoldL,Hold,L,good,sub-2IU8mi|HoldL,sub-2IU8mi,HoldL,Hold,L,good,False,task_original_side_quality,7,sub-hnetKS,v2A_top5_aperiodic_rerank,frozen_v2_candidate_generator,full_28_plus_coupling,group_balanced,cosine,baseline_all_weights_1,False,61,-0.11048138333502583,0.8353562379210089,0.8592415422139066,2,True,2
sub-hnetKS|HoldL,sub-hnetKS,HoldL,Hold,L,good,sub-AbzsOg|HoldL,sub-AbzsOg,HoldL,Hold,L,good,False,task_original_side_quality,7,sub-hnetKS,v2A_top5_aperiodic_rerank,frozen_v2_candidate_generator,full_28_plus_coupling,group_balanced,cosine,baseline_all_weights_1,False,61,0.41895499618809606,0.9911081042523319,0.998779892317415,3,True,3
sub-hnetKS|HoldL,sub-hnetKS,HoldL,Hold,L,good,sub-0cGdk9|HoldL,sub-0cGdk9,HoldL,Hold,L,good,False,task_original_side_quality,7,sub-hnetKS,v2A_top5_aperiodic_rerank,frozen_v2_candidate_generator,full_28_plus_coupling,group_balanced,cosine,baseline_all_weights_1,False,61,0.6262298166651485,0.30106898229211554,1.276527847528325,5,True,4
sub-hnetKS|HoldL,sub-hnetKS,HoldL,Hold,L,good,sub-dCsWjQ|HoldL,sub-dCsWjQ,HoldL,Hold,L,good,False,task_original_side_quality,7,sub-hnetKS,v2A_top5_aperiodic_rerank,frozen_v2_candidate_generator,full_28_plus_coupling,group_balanced,cosine,baseline_all_weights_1,False,61,1.5322588710409426,1.7194121658636068,1.1731329283970242,4,True,5
sub-hnetKS|HoldL,sub-hnetKS,HoldL,Hold,L,good,sub-QZTsn6|HoldL,sub-QZTsn6,HoldL,Hold,L,good,False,task_original_side_quality,7,sub-hnetKS,v2A_top5_aperiodic_rerank,frozen_v2_candidate_generator,full_28_plus_coupling,group_balanced,cosine,baseline_all_weights_1,False,61,1006.0,0.3244767555889757,1.478287980057961,6,True,6
sub-hnetKS|HoldL,sub-hnetKS,HoldL,Hold,L,good,sub-PuPVlx|HoldL,sub-PuPVlx,HoldL,Hold,L,good,False,task_original_side_quality,7,sub-hnetKS,v2A_top5_aperiodic_rerank,frozen_v2_candidate_generator,full_28_plus_coupling,group_balanced,cosine,baseline_all_weights_1,False,61,1007.0,1.516943027595839,1.847475088780303,7,True,7
sub-hnetKS|MoveL,sub-hnetKS,MoveL,Move,L,good,sub-hnetKS|MoveL,sub-hnetKS,MoveL,Move,L,good,True,task_original_side_quality,10,sub-hnetKS,v2A_top5_aperiodic_rerank,frozen_v2_candidate_generator,full_28_plus_coupling,group_balanced,cosine,baseline_all_weights_1,False,61,-2.7873941125292143,0.034095328329564856,0.2765675627166289,1,True,1
sub-hnetKS|MoveL,sub-hnetKS,MoveL,Move,L,good,sub-AbzsOg|MoveL,sub-AbzsOg,MoveL,Move,L,good,False,task_original_side_quality,10,sub-hnetKS,v2A_top5_aperiodic_rerank,frozen_v2_candidate_generator,full_28_plus_coupling,group_balanced,cosine,baseline_all_weights_1,False,61,0.1459208951141689,0.7191714268783456,0.9566019336357551,3,True,2
sub-hnetKS|MoveL,sub-hnetKS,MoveL,Move,L,good,sub-AB2PeX|MoveL,sub-AB2PeX,MoveL,Move,L,good,False,task_original_side_quality,10,sub-hnetKS,v2A_top5_aperiodic_rerank,frozen_v2_candidate_generator,full_28_plus_coupling,group_balanced,cosine,baseline_all_weights_1,False,61,0.6174836954552538,1.0945906964201724,1.005883921376796,4,True,3
sub-hnetKS|MoveL,sub-hnetKS,MoveL,Move,L,good,sub-gNX5yb|MoveL,sub-gNX5yb,MoveL,Move,L,good,False,task_original_side_quality,10,sub-hnetKS,v2A_top5_aperiodic_rerank,frozen_v2_candidate_generator,full_28_plus_coupling,group_balanced,cosine,baseline_all_weights_1,False,61,0.7379363596818784,1.5428828632682627,0.9387154004003951,2,True,4
sub-hnetKS|MoveL,sub-hnetKS,MoveL,Move,L,good,sub-dCsWjQ|MoveL,sub-dCsWjQ,MoveL,Move,L,good,False,task_original_side_quality,10,sub-hnetKS,v2A_top5_aperiodic_rerank,frozen_v2_candidate_generator,full_28_plus_coupling,group_balanced,cosine,baseline_all_weights_1,False,61,1.286053162277914,1.8192210072234014,1.0322161661324227,5,True,5
sub-hnetKS|MoveL,sub-hnetKS,MoveL,Move,L,good,sub-FYbcap|MoveL,sub-FYbcap,MoveL,Move,L,good,False,task_original_side_quality,10,sub-hnetKS,v2A_top5_aperiodic_rerank,frozen_v2_candidate_generator,full_28_plus_coupling,group_balanced,cosine,baseline_all_weights_1,False,61,1006.0,0.322181891257319,1.1022582388229598,6,True,6
sub-hnetKS|MoveL,sub-hnetKS,MoveL,Move,L,good,sub-2IU8mi|MoveL,sub-2IU8mi,MoveL,Move,L,good,False,task_original_side_quality,10,sub-hnetKS,v2A_top5_aperiodic_rerank,frozen_v2_candidate_generator,full_28_plus_coupling,group_balanced,cosine,baseline_all_weights_1,False,61,1007.0,0.7083014650243965,1.1135586096145211,7,True,7
sub-hnetKS|MoveL,sub-hnetKS,MoveL,Move,L,good,sub-QZTsn6|MoveL,sub-QZTsn6,MoveL,Move,L,good,False,task_original_side_quality,10,sub-hnetKS,v2A_top5_aperiodic_rerank,frozen_v2_candidate_generator,full_28_plus_coupling,group_balanced,cosine,baseline_all_weights_1,False,61,1008.0,0.6232045244630281,1.5766941296881554,8,True,8
sub-hnetKS|MoveL,sub-hnetKS,MoveL,Move,L,good,sub-0cGdk9|MoveL,sub-0cGdk9,MoveL,Move,L,good,False,task_original_side_quality,10,sub-hnetKS,v2A_top5_aperiodic_rerank,frozen_v2_candidate_generator,full_28_plus_coupling,group_balanced,cosine,baseline_all_weights_1,False,61,1009.0,0.5957393873837435,1.67862091605072,9,True,9
sub-hnetKS|MoveL,sub-hnetKS,MoveL,Move,L,good,sub-PuPVlx|MoveL,sub-PuPVlx,MoveL,Move,L,good,False,task_original_side_quality,10,sub-hnetKS,v2A_top5_aperiodic_rerank,frozen_v2_candidate_generator,full_28_plus_coupling,group_balanced,cosine,baseline_all_weights_1,False,61,1010.0,1.714740123058278,1.912089553683569,10,True,10
sub-i4oK0F|HoldL,sub-i4oK0F,HoldL,Hold,L,acceptable,sub-i4oK0F|HoldL,sub-i4oK0F,HoldL,Hold,L,acceptable,True,task_original_side_quality,3,sub-i4oK0F,v2A_top5_aperiodic_rerank,frozen_v2_candidate_generator,full_28_plus_coupling,group_balanced,cosine,baseline_all_weights_1,False,61,-1.5561845909521352,0.1449412699784537,0.31703315763232937,1,True,1
sub-i4oK0F|HoldL,sub-i4oK0F,HoldL,Hold,L,acceptable,sub-FYbcap|HoldL,sub-FYbcap,HoldL,Hold,L,acceptable,False,task_original_side_quality,3,sub-i4oK0F,v2A_top5_aperiodic_rerank,frozen_v2_candidate_generator,full_28_plus_coupling,group_balanced,cosine,baseline_all_weights_1,False,61,-0.470360156428875,0.3906450367811879,0.448021418775079,2,True,2
sub-i4oK0F|HoldL,sub-i4oK0F,HoldL,Hold,L,acceptable,sub-gNX5yb|HoldL,sub-gNX5yb,HoldL,Hold,L,acceptable,False,task_original_side_quality,3,sub-i4oK0F,v2A_top5_aperiodic_rerank,frozen_v2_candidate_generator,full_28_plus_coupling,group_balanced,cosine,baseline_all_weights_1,False,61,2.0265447473810103,0.9732023206457191,0.7447150898405087,3,True,3
sub-i4oK0F|MoveL,sub-i4oK0F,MoveL,Move,L,caution,sub-i4oK0F|MoveL,sub-i4oK0F,MoveL,Move,L,caution,True,task_original_side,12,sub-i4oK0F,v2A_top5_aperiodic_rerank,frozen_v2_candidate_generator,full_28_plus_coupling,group_balanced,cosine,baseline_all_weights_1,False,61,-1.7977087268612657,0.2060877830026916,0.08889767592794046,1,True,1
sub-i4oK0F|MoveL,sub-i4oK0F,MoveL,Move,L,caution,sub-0cGdk9|MoveL,sub-0cGdk9,MoveL,Move,L,good,False,task_original_side,12,sub-i4oK0F,v2A_top5_aperiodic_rerank,frozen_v2_candidate_generator,full_28_plus_coupling,group_balanced,cosine,baseline_all_weights_1,False,61,-0.441674338608025,0.785559363914571,0.1998421908584529,3,True,2
sub-i4oK0F|MoveL,sub-i4oK0F,MoveL,Move,L,caution,sub-PuPVlx|MoveL,sub-PuPVlx,MoveL,Move,L,good,False,task_original_side,12,sub-i4oK0F,v2A_top5_aperiodic_rerank,frozen_v2_candidate_generator,full_28_plus_coupling,group_balanced,cosine,baseline_all_weights_1,False,61,-0.13863114501309393,1.2149860202146756,0.142876901649831,2,True,3
sub-i4oK0F|MoveL,sub-i4oK0F,MoveL,Move,L,caution,sub-2IU8mi|MoveL,sub-2IU8mi,MoveL,Move,L,good,False,task_original_side,12,sub-i4oK0F,v2A_top5_aperiodic_rerank,frozen_v2_candidate_generator,full_28_plus_coupling,group_balanced,cosine,baseline_all_weights_1,False,61,0.9101263221190394,0.44595479411744765,0.5604829476216225,5,True,4
sub-i4oK0F|MoveL,sub-i4oK0F,MoveL,Move,L,caution,sub-oLNpHd|MoveL,sub-oLNpHd,MoveL,Move,L,unknown,False,task_original_side,12,sub-i4oK0F,v2A_top5_aperiodic_rerank,frozen_v2_candidate_generator,full_28_plus_coupling,group_balanced,cosine,baseline_all_weights_1,False,61,1.4678878883633453,0.9908601693519165,0.5225501308155893,4,True,5
sub-i4oK0F|MoveL,sub-i4oK0F,MoveL,Move,L,caution,sub-QZTsn6|MoveL,sub-QZTsn6,MoveL,Move,L,good,False,task_original_side,12,sub-i4oK0F,v2A_top5_aperiodic_rerank,frozen_v2_candidate_generator,full_28_plus_coupling,group_balanced,cosine,baseline_all_weights_1,False,61,1006.0,1.5391545379625176,0.5781213405036724,6,True,6
sub-i4oK0F|MoveL,sub-i4oK0F,MoveL,Move,L,caution,sub-FYbcap|MoveL,sub-FYbcap,MoveL,Move,L,good,False,task_original_side,12,sub-i4oK0F,v2A_top5_aperiodic_rerank,frozen_v2_candidate_generator,full_28_plus_coupling,group_balanced,cosine,baseline_all_weights_1,False,61,1007.0,0.274371725363851,0.7627924792381876,7,True,7
sub-i4oK0F|MoveL,sub-i4oK0F,MoveL,Move,L,caution,sub-gNX5yb|MoveL,sub-gNX5yb,MoveL,Move,L,good,False,task_original_side,12,sub-i4oK0F,v2A_top5_aperiodic_rerank,frozen_v2_candidate_generator,full_28_plus_coupling,group_balanced,cosine,baseline_all_weights_1,False,61,1008.0,0.6116271839103297,0.8100406166925653,8,True,8
sub-i4oK0F|MoveL,sub-i4oK0F,MoveL,Move,L,caution,sub-AbzsOg|MoveL,sub-AbzsOg,MoveL,Move,L,good,False,task_original_side,12,sub-i4oK0F,v2A_top5_aperiodic_rerank,frozen_v2_candidate_generator,full_28_plus_coupling,group_balanced,cosine,baseline_all_weights_1,False,61,1009.0,0.5821604662164759,0.9541290417621809,9,True,9
sub-i4oK0F|MoveL,sub-i4oK0F,MoveL,Move,L,caution,sub-AB2PeX|MoveL,sub-AB2PeX,MoveL,Move,L,good,False,task_original_side,12,sub-i4oK0F,v2A_top5_aperiodic_rerank,frozen_v2_candidate_generator,full_28_plus_coupling,group_balanced,cosine,baseline_all_weights_1,False,61,1010.0,1.0708574622499798,1.0136693688186362,10,True,10
sub-i4oK0F|MoveL,sub-i4oK0F,MoveL,Move,L,caution,sub-dCsWjQ|MoveL,sub-dCsWjQ,MoveL,Move,L,good,False,task_original_side,12,sub-i4oK0F,v2A_top5_aperiodic_rerank,frozen_v2_candidate_generator,full_28_plus_coupling,group_balanced,cosine,baseline_all_weights_1,False,61,1011.0,1.3536314792160302,1.2020672473159275,11,True,11
sub-i4oK0F|MoveL,sub-i4oK0F,MoveL,Move,L,caution,sub-hnetKS|MoveL,sub-hnetKS,MoveL,Move,L,good,False,task_original_side,12,sub-i4oK0F,v2A_top5_aperiodic_rerank,frozen_v2_candidate_generator,full_28_plus_coupling,group_balanced,cosine,baseline_all_weights_1,False,61,1012.0,0.957316494649632,1.5885319692178175,12,True,12
sub-iDpl28|HoldR,sub-iDpl28,HoldR,Hold,R,unknown,sub-iDpl28|HoldR,sub-iDpl28,HoldR,Hold,R,unknown,True,task_original_side,5,sub-iDpl28,v2A_top5_aperiodic_rerank,frozen_v2_candidate_generator,full_28_plus_coupling,group_balanced,cosine,baseline_all_weights_1,False,61,-2.406605073117978,0.5187138039728989,0.3380983718692299,1,True,1
sub-iDpl28|HoldR,sub-iDpl28,HoldR,Hold,R,unknown,sub-jyC0j3|HoldR,sub-jyC0j3,HoldR,Hold,R,good,False,task_original_side,5,sub-iDpl28,v2A_top5_aperiodic_rerank,frozen_v2_candidate_generator,full_28_plus_coupling,group_balanced,cosine,baseline_all_weights_1,False,61,-0.43524496704400395,1.1310381491926016,0.5142064183274039,2,True,2
sub-iDpl28|HoldR,sub-iDpl28,HoldR,Hold,R,unknown,sub-FIyfdR|HoldR,sub-FIyfdR,HoldR,Hold,R,good,False,task_original_side,5,sub-iDpl28,v2A_top5_aperiodic_rerank,frozen_v2_candidate_generator,full_28_plus_coupling,group_balanced,cosine,baseline_all_weights_1,False,61,0.04184926954647722,0.7600183329611032,0.6975395805071952,3,True,3
sub-iDpl28|HoldR,sub-iDpl28,HoldR,Hold,R,unknown,sub-VopvKx|HoldR,sub-VopvKx,HoldR,Hold,R,caution,False,task_original_side,5,sub-iDpl28,v2A_top5_aperiodic_rerank,frozen_v2_candidate_generator,full_28_plus_coupling,group_balanced,cosine,baseline_all_weights_1,False,61,1.2107938653697379,1.2326191950822478,0.7722852523366419,4,True,4
sub-iDpl28|HoldR,sub-iDpl28,HoldR,Hold,R,unknown,sub-2IhVOz|HoldR,sub-2IhVOz,HoldR,Hold,R,good,False,task_original_side,5,sub-iDpl28,v2A_top5_aperiodic_rerank,frozen_v2_candidate_generator,full_28_plus_coupling,group_balanced,cosine,baseline_all_weights_1,False,61,1.5892069052457667,1.3899726570693094,0.7952998589878124,5,True,5
sub-jyC0j3|HoldR,sub-jyC0j3,HoldR,Hold,R,good,sub-jyC0j3|HoldR,sub-jyC0j3,HoldR,Hold,R,good,True,task_original_side_quality,3,sub-jyC0j3,v2A_top5_aperiodic_rerank,frozen_v2_candidate_generator,full_28_plus_coupling,group_balanced,cosine,baseline_all_weights_1,False,61,-1.836860283781908,0.1827557402149419,0.3487582428940675,1,True,1
sub-jyC0j3|HoldR,sub-jyC0j3,HoldR,Hold,R,good,sub-2IhVOz|HoldR,sub-2IhVOz,HoldR,Hold,R,good,False,task_original_side_quality,3,sub-jyC0j3,v2A_top5_aperiodic_rerank,frozen_v2_candidate_generator,full_28_plus_coupling,group_balanced,cosine,baseline_all_weights_1,False,61,0.4050387309635142,1.595600793240772,0.5866864947708073,2,True,2
sub-jyC0j3|HoldR,sub-jyC0j3,HoldR,Hold,R,good,sub-FIyfdR|HoldR,sub-FIyfdR,HoldR,Hold,R,good,False,task_original_side_quality,3,sub-jyC0j3,v2A_top5_aperiodic_rerank,frozen_v2_candidate_generator,full_28_plus_coupling,group_balanced,cosine,baseline_all_weights_1,False,61,1.4318215528183935,1.1605176110303295,0.903937517250561,3,True,3
sub-jyC0j3|MoveR,sub-jyC0j3,MoveR,Move,R,good,sub-jyC0j3|MoveR,sub-jyC0j3,MoveR,Move,R,good,True,task_original_side,4,sub-jyC0j3,v2A_top5_aperiodic_rerank,frozen_v2_candidate_generator,full_28_plus_coupling,group_balanced,cosine,baseline_all_weights_1,False,61,-2.0214264574824874,0.2615203512235119,0.04317054573313239,1,True,1
sub-jyC0j3|MoveR,sub-jyC0j3,MoveR,Move,R,good,sub-VopvKx|MoveR,sub-VopvKx,MoveR,Move,R,caution,False,task_original_side,4,sub-jyC0j3,v2A_top5_aperiodic_rerank,frozen_v2_candidate_generator,full_28_plus_coupling,group_balanced,cosine,baseline_all_weights_1,False,61,-0.8162095974198316,0.6025026893650132,0.27425650889890774,2,True,2
sub-jyC0j3|MoveR,sub-jyC0j3,MoveR,Move,R,good,sub-2IhVOz|MoveR,sub-2IhVOz,MoveR,Move,R,low_quality,False,task_original_side,4,sub-jyC0j3,v2A_top5_aperiodic_rerank,frozen_v2_candidate_generator,full_28_plus_coupling,group_balanced,cosine,baseline_all_weights_1,False,61,1.1005116716548484,1.1242869862223772,0.6483478491405591,3,True,3
sub-jyC0j3|MoveR,sub-jyC0j3,MoveR,Move,R,good,sub-FIyfdR|MoveR,sub-FIyfdR,MoveR,Move,R,good,False,task_original_side,4,sub-jyC0j3,v2A_top5_aperiodic_rerank,frozen_v2_candidate_generator,full_28_plus_coupling,group_balanced,cosine,baseline_all_weights_1,False,61,1.7371243832474703,1.3900622346072404,0.7429004561376483,4,True,4
sub-oLNpHd|HoldL,sub-oLNpHd,HoldL,Hold,L,unknown,sub-oLNpHd|HoldL,sub-oLNpHd,HoldL,Hold,L,unknown,True,task_original_side,12,sub-oLNpHd,v2A_top5_aperiodic_rerank,frozen_v2_candidate_generator,full_28_plus_coupling,group_balanced,cosine,baseline_all_weights_1,False,61,-2.3344948259950176,0.19239328113716436,0.133243867988222,1,True,1
sub-oLNpHd|HoldL,sub-oLNpHd,HoldL,Hold,L,unknown,sub-FYbcap|HoldL,sub-FYbcap,HoldL,Hold,L,acceptable,False,task_original_side,12,sub-oLNpHd,v2A_top5_aperiodic_rerank,frozen_v2_candidate_generator,full_28_plus_coupling,group_balanced,cosine,baseline_all_weights_1,False,61,-0.5199462907934915,0.6637266976607563,0.3233163453707952,2,True,2
sub-oLNpHd|HoldL,sub-oLNpHd,HoldL,Hold,L,unknown,sub-2IU8mi|HoldL,sub-2IU8mi,HoldL,Hold,L,good,False,task_original_side,12,sub-oLNpHd,v2A_top5_aperiodic_rerank,frozen_v2_candidate_generator,full_28_plus_coupling,group_balanced,cosine,baseline_all_weights_1,False,61,-0.08967145998719304,0.6864626763889,0.3881399092391839,3,True,3
sub-oLNpHd|HoldL,sub-oLNpHd,HoldL,Hold,L,unknown,sub-0cGdk9|HoldL,sub-0cGdk9,HoldL,Hold,L,good,False,task_original_side,12,sub-oLNpHd,v2A_top5_aperiodic_rerank,frozen_v2_candidate_generator,full_28_plus_coupling,group_balanced,cosine,baseline_all_weights_1,False,61,1.4717356516960616,1.3362153768182428,0.49752190699295457,4,True,4
sub-oLNpHd|HoldL,sub-oLNpHd,HoldL,Hold,L,unknown,sub-i4oK0F|HoldL,sub-i4oK0F,HoldL,Hold,L,acceptable,False,task_original_side,12,sub-oLNpHd,v2A_top5_aperiodic_rerank,frozen_v2_candidate_generator,full_28_plus_coupling,group_balanced,cosine,baseline_all_weights_1,False,61,1.4723769250796401,0.8144004219194844,0.6133997804575589,5,True,5
sub-oLNpHd|HoldL,sub-oLNpHd,HoldL,Hold,L,unknown,sub-hnetKS|HoldL,sub-hnetKS,HoldL,Hold,L,good,False,task_original_side,12,sub-oLNpHd,v2A_top5_aperiodic_rerank,frozen_v2_candidate_generator,full_28_plus_coupling,group_balanced,cosine,baseline_all_weights_1,False,61,1006.0,0.9874000112376184,0.6308597388711684,6,True,6
sub-oLNpHd|HoldL,sub-oLNpHd,HoldL,Hold,L,unknown,sub-dCsWjQ|HoldL,sub-dCsWjQ,HoldL,Hold,L,good,False,task_original_side,12,sub-oLNpHd,v2A_top5_aperiodic_rerank,frozen_v2_candidate_generator,full_28_plus_coupling,group_balanced,cosine,baseline_all_weights_1,False,61,1007.0,1.3196307407897272,0.6317209962794937,7,True,7
sub-oLNpHd|HoldL,sub-oLNpHd,HoldL,Hold,L,unknown,sub-AbzsOg|HoldL,sub-AbzsOg,HoldL,Hold,L,good,False,task_original_side,12,sub-oLNpHd,v2A_top5_aperiodic_rerank,frozen_v2_candidate_generator,full_28_plus_coupling,group_balanced,cosine,baseline_all_weights_1,False,61,1008.0,0.8282017361760013,0.655679819752698,8,True,8
sub-oLNpHd|HoldL,sub-oLNpHd,HoldL,Hold,L,unknown,sub-gNX5yb|HoldL,sub-gNX5yb,HoldL,Hold,L,acceptable,False,task_original_side,12,sub-oLNpHd,v2A_top5_aperiodic_rerank,frozen_v2_candidate_generator,full_28_plus_coupling,group_balanced,cosine,baseline_all_weights_1,False,61,1009.0,0.602735008497285,0.7174885657034157,9,True,9
sub-oLNpHd|HoldL,sub-oLNpHd,HoldL,Hold,L,unknown,sub-PuPVlx|HoldL,sub-PuPVlx,HoldL,Hold,L,good,False,task_original_side,12,sub-oLNpHd,v2A_top5_aperiodic_rerank,frozen_v2_candidate_generator,full_28_plus_coupling,group_balanced,cosine,baseline_all_weights_1,False,61,1010.0,1.1081286492175393,0.760599597939733,10,True,10
sub-oLNpHd|HoldL,sub-oLNpHd,HoldL,Hold,L,unknown,sub-AB2PeX|HoldL,sub-AB2PeX,HoldL,Hold,L,low_quality,False,task_original_side,12,sub-oLNpHd,v2A_top5_aperiodic_rerank,frozen_v2_candidate_generator,full_28_plus_coupling,group_balanced,cosine,baseline_all_weights_1,False,61,1011.0,1.1432021603402742,0.9313602186909605,11,True,11
sub-oLNpHd|HoldL,sub-oLNpHd,HoldL,Hold,L,unknown,sub-QZTsn6|HoldL,sub-QZTsn6,HoldL,Hold,L,good,False,task_original_side,12,sub-oLNpHd,v2A_top5_aperiodic_rerank,frozen_v2_candidate_generator,full_28_plus_coupling,group_balanced,cosine,baseline_all_weights_1,False,61,1012.0,1.4278093975780308,0.9393656309997582,12,True,12
sub-oLNpHd|MoveL,sub-oLNpHd,MoveL,Move,L,unknown,sub-oLNpHd|MoveL,sub-oLNpHd,MoveL,Move,L,unknown,True,task_original_side,12,sub-oLNpHd,v2A_top5_aperiodic_rerank,frozen_v2_candidate_generator,full_28_plus_coupling,group_balanced,cosine,baseline_all_weights_1,False,61,-2.2080418761757596,0.3118879244191912,0.1425651480876357,1,True,1
sub-oLNpHd|MoveL,sub-oLNpHd,MoveL,Move,L,unknown,sub-2IU8mi|MoveL,sub-2IU8mi,MoveL,Move,L,good,False,task_original_side,12,sub-oLNpHd,v2A_top5_aperiodic_rerank,frozen_v2_candidate_generator,full_28_plus_coupling,group_balanced,cosine,baseline_all_weights_1,False,61,-0.5251372325312055,0.7558559513542348,0.25680570124656016,2,True,2
sub-oLNpHd|MoveL,sub-oLNpHd,MoveL,Move,L,unknown,sub-gNX5yb|MoveL,sub-gNX5yb,MoveL,Move,L,good,False,task_original_side,12,sub-oLNpHd,v2A_top5_aperiodic_rerank,frozen_v2_candidate_generator,full_28_plus_coupling,group_balanced,cosine,baseline_all_weights_1,False,61,0.5207500321271786,0.7077710934843537,0.3893327126381676,4,True,3
sub-oLNpHd|MoveL,sub-oLNpHd,MoveL,Move,L,unknown,sub-FYbcap|MoveL,sub-FYbcap,MoveL,Move,L,good,False,task_original_side,12,sub-oLNpHd,v2A_top5_aperiodic_rerank,frozen_v2_candidate_generator,full_28_plus_coupling,group_balanced,cosine,baseline_all_weights_1,False,61,0.7282077266546465,1.2882240752046354,0.30357856123804133,3,True,4
sub-oLNpHd|MoveL,sub-oLNpHd,MoveL,Move,L,unknown,sub-PuPVlx|MoveL,sub-PuPVlx,MoveL,Move,L,good,False,task_original_side,12,sub-oLNpHd,v2A_top5_aperiodic_rerank,frozen_v2_candidate_generator,full_28_plus_coupling,group_balanced,cosine,baseline_all_weights_1,False,61,1.4842213499251413,0.773102955053576,0.4905978642616162,5,True,5
sub-oLNpHd|MoveL,sub-oLNpHd,MoveL,Move,L,unknown,sub-i4oK0F|MoveL,sub-i4oK0F,MoveL,Move,L,caution,False,task_original_side,12,sub-oLNpHd,v2A_top5_aperiodic_rerank,frozen_v2_candidate_generator,full_28_plus_coupling,group_balanced,cosine,baseline_all_weights_1,False,61,1006.0,1.4510694080815802,0.5229073882745915,6,True,6
sub-oLNpHd|MoveL,sub-oLNpHd,MoveL,Move,L,unknown,sub-0cGdk9|MoveL,sub-0cGdk9,MoveL,Move,L,good,False,task_original_side,12,sub-oLNpHd,v2A_top5_aperiodic_rerank,frozen_v2_candidate_generator,full_28_plus_coupling,group_balanced,cosine,baseline_all_weights_1,False,61,1007.0,0.7486650059950978,0.5412333890901638,7,True,7
sub-oLNpHd|MoveL,sub-oLNpHd,MoveL,Move,L,unknown,sub-AB2PeX|MoveL,sub-AB2PeX,MoveL,Move,L,good,False,task_original_side,12,sub-oLNpHd,v2A_top5_aperiodic_rerank,frozen_v2_candidate_generator,full_28_plus_coupling,group_balanced,cosine,baseline_all_weights_1,False,61,1008.0,1.2088569574860946,0.6830683313878518,8,True,8
sub-oLNpHd|MoveL,sub-oLNpHd,MoveL,Move,L,unknown,sub-QZTsn6|MoveL,sub-QZTsn6,MoveL,Move,L,good,False,task_original_side,12,sub-oLNpHd,v2A_top5_aperiodic_rerank,frozen_v2_candidate_generator,full_28_plus_coupling,group_balanced,cosine,baseline_all_weights_1,False,61,1009.0,1.2693312683961613,0.7493090175127204,9,True,9
sub-oLNpHd|MoveL,sub-oLNpHd,MoveL,Move,L,unknown,sub-AbzsOg|MoveL,sub-AbzsOg,MoveL,Move,L,good,False,task_original_side,12,sub-oLNpHd,v2A_top5_aperiodic_rerank,frozen_v2_candidate_generator,full_28_plus_coupling,group_balanced,cosine,baseline_all_weights_1,False,61,1010.0,0.6870799080070634,1.1600826126369737,10,True,10
sub-oLNpHd|MoveL,sub-oLNpHd,MoveL,Move,L,unknown,sub-dCsWjQ|MoveL,sub-dCsWjQ,MoveL,Move,L,good,False,task_original_side,12,sub-oLNpHd,v2A_top5_aperiodic_rerank,frozen_v2_candidate_generator,full_28_plus_coupling,group_balanced,cosine,baseline_all_weights_1,False,61,1011.0,0.8910025222847183,1.199899761754979,11,True,11
sub-oLNpHd|MoveL,sub-oLNpHd,MoveL,Move,L,unknown,sub-hnetKS|MoveL,sub-hnetKS,MoveL,Move,L,good,False,task_original_side,12,sub-oLNpHd,v2A_top5_aperiodic_rerank,frozen_v2_candidate_generator,full_28_plus_coupling,group_balanced,cosine,baseline_all_weights_1,False,61,1012.0,0.985651711873175,1.235431001295699,12,True,12
