query_pair_id,query_subject,query_task,query_side,feature_group,distance_metric,n_features,n_wrong_candidates,true_distance,best_wrong_distance,mean_wrong_distance,wrong_closer_than_true,true_rank_within_group,margin,best_wrong_pair_id,best_wrong_subject,best_wrong_task,best_wrong_side,best_wrong_quality
sub-0cGdk9|HoldL,sub-0cGdk9,HoldL,L,STN_features,cosine,22,6,0.2728863227605959,0.2520463744410505,0.7746658772859781,True,2,-0.020839948319545387,sub-PuPVlx|HoldL,sub-PuPVlx,HoldL,L,good
sub-0cGdk9|HoldL,sub-0cGdk9,HoldL,L,STN_features,zscored_euclidean,22,6,3.587855470328421,2.9536201366649877,4.280620309422738,True,4,-0.6342353336634332,sub-PuPVlx|HoldL,sub-PuPVlx,HoldL,L,good
sub-0cGdk9|MoveL,sub-0cGdk9,MoveL,L,STN_features,cosine,22,9,0.6090156249144625,0.5054379300567923,1.11635611891467,True,3,-0.10357769485767021,sub-QZTsn6|MoveL,sub-QZTsn6,MoveL,L,good
sub-2IhVOz|HoldR,sub-2IhVOz,HoldR,R,STN_features,cosine,22,2,1.0697967154983077,0.9590092781033109,1.0235997500038716,True,2,-0.11078743739499675,sub-jyC0j3|HoldR,sub-jyC0j3,HoldR,R,good
sub-2IhVOz|HoldR,sub-2IhVOz,HoldR,R,STN_features,zscored_euclidean,22,2,17.06051267008716,4.775706265395178,7.213798708489373,True,3,-12.284806404691981,sub-jyC0j3|HoldR,sub-jyC0j3,HoldR,R,good
sub-2IhVOz|MoveR,sub-2IhVOz,MoveR,R,STN_features,zscored_euclidean,22,3,16.012820984829588,5.323553052532798,6.151636665764319,True,4,-10.68926793229679,sub-jyC0j3|MoveR,sub-jyC0j3,MoveR,R,good
sub-AB2PeX|HoldL,sub-AB2PeX,HoldL,L,STN_features,zscored_euclidean,22,11,3.9699122072543394,2.5593117917263064,5.270162510951587,True,3,-1.410600415528033,sub-hnetKS|HoldL,sub-hnetKS,HoldL,L,good
sub-AB2PeX|MoveL,sub-AB2PeX,MoveL,L,STN_features,cosine,22,9,0.1688439689872947,0.1647446419338554,1.0710837658883212,True,2,-0.0040993270534392945,sub-hnetKS|MoveL,sub-hnetKS,MoveL,L,good
sub-AB2PeX|MoveL,sub-AB2PeX,MoveL,L,STN_features,zscored_euclidean,22,9,6.342104465884857,2.3420216694439255,5.872081309682252,True,6,-4.000082796440932,sub-hnetKS|MoveL,sub-hnetKS,MoveL,L,good
sub-AbzsOg|HoldL,sub-AbzsOg,HoldL,L,STN_features,cosine,22,6,1.128283733141474,0.3231921418243744,1.1043690873707852,True,4,-0.8050915913170995,sub-QZTsn6|HoldL,sub-QZTsn6,HoldL,L,good
sub-AbzsOg|HoldL,sub-AbzsOg,HoldL,L,STN_features,zscored_euclidean,22,6,5.803828045568399,3.7170258601169004,6.026418713631377,True,3,-2.0868021854514986,sub-QZTsn6|HoldL,sub-QZTsn6,HoldL,L,good
sub-AbzsOg|MoveL,sub-AbzsOg,MoveL,L,STN_features,zscored_euclidean,22,9,2.548766117336211,2.3943892227053216,5.309524174761445,True,2,-0.15437689463088944,sub-2IU8mi|MoveL,sub-2IU8mi,MoveL,L,good
sub-FIyfdR|MoveR,sub-FIyfdR,MoveR,R,STN_features,cosine,22,3,0.6260647874693042,0.4111048116800541,1.3218590582989067,True,2,-0.21495997578925008,sub-2IhVOz|MoveR,sub-2IhVOz,MoveR,R,low_quality
sub-FYbcap|HoldL,sub-FYbcap,HoldL,L,STN_features,zscored_euclidean,22,2,6.558408182897071,3.5355958258456672,4.943119032378675,True,3,-3.0228123570514036,sub-i4oK0F|HoldL,sub-i4oK0F,HoldL,L,acceptable
sub-FYbcap|MoveL,sub-FYbcap,MoveL,L,STN_features,zscored_euclidean,22,9,4.787844286365127,4.074234107437901,6.672927352956858,True,3,-0.713610178927226,sub-hnetKS|MoveL,sub-hnetKS,MoveL,L,good
sub-QZTsn6|HoldL,sub-QZTsn6,HoldL,L,STN_features,cosine,22,6,0.9326241677095717,0.1620699426404797,0.6741032693283205,True,5,-0.770554225069092,sub-PuPVlx|HoldL,sub-PuPVlx,HoldL,L,good
sub-QZTsn6|HoldL,sub-QZTsn6,HoldL,L,STN_features,zscored_euclidean,22,6,7.340791131640024,3.094922250142885,5.34935922530902,True,7,-4.245868881497138,sub-PuPVlx|HoldL,sub-PuPVlx,HoldL,L,good
sub-QZTsn6|MoveL,sub-QZTsn6,MoveL,L,STN_features,cosine,22,9,0.9414168578271671,0.12984480649070107,0.9748475547121342,True,4,-0.811572051336466,sub-PuPVlx|MoveL,sub-PuPVlx,MoveL,L,good
sub-QZTsn6|MoveL,sub-QZTsn6,MoveL,L,STN_features,zscored_euclidean,22,9,8.630665970577724,2.9862974275991956,7.188709417369801,True,8,-5.644368542978528,sub-PuPVlx|MoveL,sub-PuPVlx,MoveL,L,good
sub-dCsWjQ|HoldL,sub-dCsWjQ,HoldL,L,STN_features,cosine,22,6,0.7269219529410855,0.31985932792803384,0.8292247691997033,True,5,-0.4070626250130517,sub-AbzsOg|HoldL,sub-AbzsOg,HoldL,L,good
sub-dCsWjQ|HoldL,sub-dCsWjQ,HoldL,L,STN_features,zscored_euclidean,22,6,4.683102898449831,2.1910917098257547,4.032845243041431,True,5,-2.492011188624076,sub-2IU8mi|HoldL,sub-2IU8mi,HoldL,L,good
sub-dCsWjQ|MoveL,sub-dCsWjQ,MoveL,L,STN_features,cosine,22,9,1.0062759473818605,0.15022092234589657,0.8972834700071962,True,7,-0.856055025035964,sub-AbzsOg|MoveL,sub-AbzsOg,MoveL,L,good
sub-dCsWjQ|MoveL,sub-dCsWjQ,MoveL,L,STN_features,zscored_euclidean,22,9,5.519199307990445,1.961521780708287,5.312077033804474,True,6,-3.5576775272821584,sub-AbzsOg|MoveL,sub-AbzsOg,MoveL,L,good
sub-gNX5yb|MoveL,sub-gNX5yb,MoveL,L,STN_features,zscored_euclidean,22,9,3.342555835281594,3.090815196895843,6.10817279402462,True,2,-0.2517406383857512,sub-2IU8mi|MoveL,sub-2IU8mi,MoveL,L,good
sub-hnetKS|MoveL,sub-hnetKS,MoveL,L,STN_features,cosine,22,9,0.08314075966076928,0.06835970533083435,1.0504512037743718,True,2,-0.014781054329934928,sub-AB2PeX|MoveL,sub-AB2PeX,MoveL,L,good
sub-i4oK0F|MoveL,sub-i4oK0F,MoveL,L,STN_features,zscored_euclidean,22,11,2.333948395678635,1.7848441103352404,4.809679596579591,True,2,-0.5491042853433947,sub-2IU8mi|MoveL,sub-2IU8mi,MoveL,L,good
sub-iDpl28|HoldR,sub-iDpl28,HoldR,R,STN_features,zscored_euclidean,22,4,3.80639588459792,2.8150609759221448,6.226845864224039,True,2,-0.9913349086757752,sub-jyC0j3|HoldR,sub-jyC0j3,HoldR,R,good
sub-0cGdk9|HoldL,sub-0cGdk9,HoldL,L,compact_aperiodic_residual,cosine,12,6,0.5980429822554698,0.4695991053333832,0.7545528172115986,True,2,-0.1284438769220866,sub-dCsWjQ|HoldL,sub-dCsWjQ,HoldL,L,good
sub-0cGdk9|HoldL,sub-0cGdk9,HoldL,L,compact_aperiodic_residual,zscored_euclidean,12,6,3.156654600970676,2.6451564541314756,3.5952318979795934,True,2,-0.5114981468392004,sub-2IU8mi|HoldL,sub-2IU8mi,HoldL,L,good
sub-0cGdk9|MoveL,sub-0cGdk9,MoveL,L,compact_aperiodic_residual,cosine,12,9,1.007542304878546,0.16653310620700534,1.057269850686659,True,6,-0.8410091986715406,sub-QZTsn6|MoveL,sub-QZTsn6,MoveL,L,good
sub-0cGdk9|MoveL,sub-0cGdk9,MoveL,L,compact_aperiodic_residual,zscored_euclidean,12,9,3.7810319873316103,3.1583932943780235,5.097511405999722,True,3,-0.6226386929535868,sub-QZTsn6|MoveL,sub-QZTsn6,MoveL,L,good
sub-2IU8mi|MoveL,sub-2IU8mi,MoveL,L,compact_aperiodic_residual,cosine,12,9,0.31379508273373813,0.12072312537669427,0.9047589433144125,True,2,-0.19307195735704386,sub-AbzsOg|MoveL,sub-AbzsOg,MoveL,L,good
sub-2IhVOz|MoveR,sub-2IhVOz,MoveR,R,compact_aperiodic_residual,cosine,12,3,1.1614356050833183,0.8247556556031512,1.1351548174012216,True,3,-0.3366799494801671,sub-jyC0j3|MoveR,sub-jyC0j3,MoveR,R,good
sub-2IhVOz|MoveR,sub-2IhVOz,MoveR,R,compact_aperiodic_residual,zscored_euclidean,12,3,11.60013771309128,6.209141627124395,7.216052907404261,True,4,-5.3909960859668855,sub-jyC0j3|MoveR,sub-jyC0j3,MoveR,R,good
sub-AbzsOg|HoldL,sub-AbzsOg,HoldL,L,compact_aperiodic_residual,cosine,12,6,0.6098638279469726,0.38027211014624696,0.9228006070513937,True,2,-0.22959171780072563,sub-0cGdk9|HoldL,sub-0cGdk9,HoldL,L,good
sub-AbzsOg|HoldL,sub-AbzsOg,HoldL,L,compact_aperiodic_residual,zscored_euclidean,12,6,4.241974989268215,3.153336036203462,4.8206100676775545,True,2,-1.088638953064753,sub-0cGdk9|HoldL,sub-0cGdk9,HoldL,L,good
sub-AbzsOg|MoveL,sub-AbzsOg,MoveL,L,compact_aperiodic_residual,zscored_euclidean,12,9,2.334396679610549,2.0993572097454853,4.813958226871744,True,2,-0.23503946986506374,sub-2IU8mi|MoveL,sub-2IU8mi,MoveL,L,good
sub-FIyfdR|MoveR,sub-FIyfdR,MoveR,R,compact_aperiodic_residual,zscored_euclidean,12,3,4.429231989751177,3.990290671731685,5.276950686617109,True,2,-0.4389413180194919,sub-jyC0j3|MoveR,sub-jyC0j3,MoveR,R,good
sub-FYbcap|HoldL,sub-FYbcap,HoldL,L,compact_aperiodic_residual,zscored_euclidean,12,2,5.790800208973769,3.365408203678839,5.202888874487755,True,2,-2.42539200529493,sub-i4oK0F|HoldL,sub-i4oK0F,HoldL,L,acceptable
sub-QZTsn6|MoveL,sub-QZTsn6,MoveL,L,compact_aperiodic_residual,cosine,12,9,0.5263550544250493,0.25543104674800066,1.0140803309082722,True,3,-0.2709240076770486,sub-AB2PeX|MoveL,sub-AB2PeX,MoveL,L,good
sub-QZTsn6|MoveL,sub-QZTsn6,MoveL,L,compact_aperiodic_residual,zscored_euclidean,12,9,4.973220331049119,2.422890778927094,4.86224655598931,True,6,-2.550329552122025,sub-AB2PeX|MoveL,sub-AB2PeX,MoveL,L,good
sub-VopvKx|HoldR,sub-VopvKx,HoldR,R,compact_aperiodic_residual,cosine,12,4,0.6820816785139744,0.08642817647582701,0.8736937290871287,True,2,-0.5956535020381474,sub-jyC0j3|HoldR,sub-jyC0j3,HoldR,R,good
sub-VopvKx|HoldR,sub-VopvKx,HoldR,R,compact_aperiodic_residual,zscored_euclidean,12,4,2.313175517752397,0.7590412414386118,3.5609363203981443,True,2,-1.5541342763137853,sub-jyC0j3|HoldR,sub-jyC0j3,HoldR,R,good
sub-VopvKx|MoveR,sub-VopvKx,MoveR,R,compact_aperiodic_residual,cosine,12,3,0.2876510145800728,0.25627650056966655,0.7246554834446512,True,2,-0.03137451401040625,sub-jyC0j3|MoveR,sub-jyC0j3,MoveR,R,good
sub-VopvKx|MoveR,sub-VopvKx,MoveR,R,compact_aperiodic_residual,zscored_euclidean,12,3,1.4974284773915996,1.3540017514591571,4.456841396268037,True,2,-0.14342672593244243,sub-jyC0j3|MoveR,sub-jyC0j3,MoveR,R,good
sub-dCsWjQ|HoldL,sub-dCsWjQ,HoldL,L,compact_aperiodic_residual,cosine,12,6,0.7323876821604951,0.21840762899970123,1.132717102470085,True,3,-0.5139800531607939,sub-2IU8mi|HoldL,sub-2IU8mi,HoldL,L,good
sub-dCsWjQ|HoldL,sub-dCsWjQ,HoldL,L,compact_aperiodic_residual,zscored_euclidean,12,6,5.047228465142598,1.2139436626174884,3.6035565987827667,True,7,-3.8332848025251094,sub-2IU8mi|HoldL,sub-2IU8mi,HoldL,L,good
sub-dCsWjQ|MoveL,sub-dCsWjQ,MoveL,L,compact_aperiodic_residual,cosine,12,9,0.804040747562399,0.1596484854858552,0.8824806874564154,True,5,-0.6443922620765438,sub-gNX5yb|MoveL,sub-gNX5yb,MoveL,L,good
sub-dCsWjQ|MoveL,sub-dCsWjQ,MoveL,L,compact_aperiodic_residual,zscored_euclidean,12,9,5.144703907631807,1.1957936438445054,3.8503821377912226,True,7,-3.9489102637873015,sub-2IU8mi|MoveL,sub-2IU8mi,MoveL,L,good
sub-i4oK0F|MoveL,sub-i4oK0F,MoveL,L,compact_aperiodic_residual,zscored_euclidean,12,11,2.236910308515961,1.7505516366189577,3.8941984377607786,True,2,-0.48635867189700344,sub-2IU8mi|MoveL,sub-2IU8mi,MoveL,L,good
sub-iDpl28|HoldR,sub-iDpl28,HoldR,R,compact_aperiodic_residual,zscored_euclidean,12,4,3.61250486724896,2.6177747519791366,3.678156639386476,True,3,-0.9947301152698236,sub-jyC0j3|HoldR,sub-jyC0j3,HoldR,R,good
sub-0cGdk9|HoldL,sub-0cGdk9,HoldL,L,coupling,cosine,36,6,0.0720420726705826,0.016702643835915798,0.9848706187344893,True,2,-0.055339428834666804,sub-PuPVlx|HoldL,sub-PuPVlx,HoldL,L,good
sub-0cGdk9|HoldL,sub-0cGdk9,HoldL,L,coupling,zscored_euclidean,36,6,1.6888745129942924,0.8225560498847824,7.833144801120697,True,2,-0.86631846310951,sub-PuPVlx|HoldL,sub-PuPVlx,HoldL,L,good
sub-2IU8mi|HoldL,sub-2IU8mi,HoldL,L,coupling,cosine,36,6,1.0391614534842986,0.3126004954000575,0.9667572828921062,True,4,-0.726560958084241,sub-PuPVlx|HoldL,sub-PuPVlx,HoldL,L,good
sub-2IU8mi|HoldL,sub-2IU8mi,HoldL,L,coupling,zscored_euclidean,36,6,4.809504318171861,3.3234868495117027,7.968318653152148,True,4,-1.4860174686601582,sub-PuPVlx|HoldL,sub-PuPVlx,HoldL,L,good
sub-2IhVOz|HoldR,sub-2IhVOz,HoldR,R,coupling,cosine,36,2,0.6147162197478675,0.32197816842067395,0.8453469617052034,True,2,-0.29273805132719355,sub-FIyfdR|HoldR,sub-FIyfdR,HoldR,R,good
sub-2IhVOz|HoldR,sub-2IhVOz,HoldR,R,coupling,zscored_euclidean,36,2,8.024670925329643,3.2214672487278517,5.39900201112613,True,3,-4.803203676601791,sub-FIyfdR|HoldR,sub-FIyfdR,HoldR,R,good
sub-2IhVOz|MoveR,sub-2IhVOz,MoveR,R,coupling,cosine,36,3,0.4899951670157098,0.2693021365356302,0.5406660551945933,True,3,-0.2206930304800796,sub-VopvKx|MoveR,sub-VopvKx,MoveR,R,caution
sub-2IhVOz|MoveR,sub-2IhVOz,MoveR,R,coupling,zscored_euclidean,36,3,4.786644011265087,3.056989483552717,4.127836006612905,True,3,-1.7296545277123703,sub-VopvKx|MoveR,sub-VopvKx,MoveR,R,caution
sub-AB2PeX|HoldL,sub-AB2PeX,HoldL,L,coupling,cosine,36,11,1.4196509579969363,0.12279528287127939,0.7476955075377753,True,10,-1.296855675125657,sub-PuPVlx|HoldL,sub-PuPVlx,HoldL,L,good
sub-AB2PeX|HoldL,sub-AB2PeX,HoldL,L,coupling,zscored_euclidean,36,11,11.02484673732679,2.029523178126137,5.4596060008819505,True,9,-8.995323559200653,sub-gNX5yb|HoldL,sub-gNX5yb,HoldL,L,acceptable
sub-AbzsOg|HoldL,sub-AbzsOg,HoldL,L,coupling,zscored_euclidean,36,6,7.758302221604348,5.809598316486008,8.063773135742744,True,3,-1.9487039051183395,sub-2IU8mi|HoldL,sub-2IU8mi,HoldL,L,good
sub-AbzsOg|MoveL,sub-AbzsOg,MoveL,L,coupling,cosine,36,9,0.09675861912913863,0.0687686979712715,1.059530340876024,True,2,-0.027989921157867137,sub-hnetKS|MoveL,sub-hnetKS,MoveL,L,good
sub-AbzsOg|MoveL,sub-AbzsOg,MoveL,L,coupling,zscored_euclidean,36,9,7.70147034687652,6.442743526899834,8.667651221862151,True,4,-1.258726819976686,sub-gNX5yb|MoveL,sub-gNX5yb,MoveL,L,good
sub-PuPVlx|HoldL,sub-PuPVlx,HoldL,L,coupling,cosine,36,6,0.09577841616838223,0.049732949508591306,1.0572546219556882,True,2,-0.04604546665979092,sub-QZTsn6|HoldL,sub-QZTsn6,HoldL,L,good
sub-PuPVlx|HoldL,sub-PuPVlx,HoldL,L,coupling,zscored_euclidean,36,6,1.9105063866269072,1.3544941273551319,7.845541980967191,True,2,-0.5560122592717753,sub-QZTsn6|HoldL,sub-QZTsn6,HoldL,L,good
sub-dCsWjQ|HoldL,sub-dCsWjQ,HoldL,L,coupling,cosine,36,6,1.0072969685796698,0.5704598470655589,0.8467431697662748,True,5,-0.4368371215141109,sub-QZTsn6|HoldL,sub-QZTsn6,HoldL,L,good
sub-dCsWjQ|HoldL,sub-dCsWjQ,HoldL,L,coupling,zscored_euclidean,36,6,13.60698735108297,2.9919601800335704,6.149072286667927,True,7,-10.6150271710494,sub-2IU8mi|HoldL,sub-2IU8mi,HoldL,L,good
sub-dCsWjQ|MoveL,sub-dCsWjQ,MoveL,L,coupling,cosine,36,9,1.1079167464331254,0.7103503793668113,1.0363090777505664,True,6,-0.3975663670663141,sub-0cGdk9|MoveL,sub-0cGdk9,MoveL,L,good
sub-dCsWjQ|MoveL,sub-dCsWjQ,MoveL,L,coupling,zscored_euclidean,36,9,10.706803353192548,3.996656135815198,6.994339017277229,True,8,-6.71014721737735,sub-0cGdk9|MoveL,sub-0cGdk9,MoveL,L,good
sub-hnetKS|MoveL,sub-hnetKS,MoveL,L,coupling,cosine,36,9,0.08261585512732694,0.06826455593787895,1.0689427341394842,True,2,-0.014351299189447997,sub-AbzsOg|MoveL,sub-AbzsOg,MoveL,L,good
sub-hnetKS|MoveL,sub-hnetKS,MoveL,L,coupling,zscored_euclidean,36,9,10.367768348851031,5.8313203527242745,12.197014340762504,True,3,-4.536447996126757,sub-AbzsOg|MoveL,sub-AbzsOg,MoveL,L,good
sub-i4oK0F|HoldL,sub-i4oK0F,HoldL,L,coupling,cosine,36,2,0.644282290511573,0.08406753066541628,0.17096966552684317,True,3,-0.5602147598461568,sub-FYbcap|HoldL,sub-FYbcap,HoldL,L,acceptable
sub-i4oK0F|HoldL,sub-i4oK0F,HoldL,L,coupling,zscored_euclidean,36,2,5.255564843237356,1.355832444568967,1.7935029208583662,True,3,-3.899732398668389,sub-FYbcap|HoldL,sub-FYbcap,HoldL,L,acceptable
sub-i4oK0F|MoveL,sub-i4oK0F,MoveL,L,coupling,cosine,36,11,0.09599244028377185,0.060902997933679814,0.9248711269946284,True,2,-0.03508944235009204,sub-0cGdk9|MoveL,sub-0cGdk9,MoveL,L,good
sub-i4oK0F|MoveL,sub-i4oK0F,MoveL,L,coupling,zscored_euclidean,36,11,2.329548683034803,1.548508507153759,7.04988955555359,True,3,-0.7810401758810439,sub-0cGdk9|MoveL,sub-0cGdk9,MoveL,L,good
sub-jyC0j3|HoldR,sub-jyC0j3,HoldR,R,coupling,cosine,36,2,0.7422635714543163,0.21734509081199305,0.45527915391040913,True,3,-0.5249184806423233,sub-2IhVOz|HoldR,sub-2IhVOz,HoldR,R,good
sub-jyC0j3|HoldR,sub-jyC0j3,HoldR,R,coupling,zscored_euclidean,36,2,5.400177025316064,4.077009428478179,4.868286680474005,True,2,-1.3231675968378855,sub-FIyfdR|HoldR,sub-FIyfdR,HoldR,R,good
sub-oLNpHd|MoveL,sub-oLNpHd,MoveL,L,coupling,cosine,36,11,0.3015969865580723,0.29756285966527174,0.8768534421920967,True,2,-0.0040341268928005825,sub-QZTsn6|MoveL,sub-QZTsn6,MoveL,L,good
sub-0cGdk9|HoldL,sub-0cGdk9,HoldL,L,raw_beta_gamma_power,cosine,20,6,0.03608916622348213,0.01662074490774912,0.6962413227899703,True,2,-0.01946842131573301,sub-PuPVlx|HoldL,sub-PuPVlx,HoldL,L,good
sub-0cGdk9|HoldL,sub-0cGdk9,HoldL,L,raw_beta_gamma_power,zscored_euclidean,20,6,1.8543437157300442,0.5649258963245337,2.7836414908649325,True,2,-1.2894178194055104,sub-PuPVlx|HoldL,sub-PuPVlx,HoldL,L,good
sub-2IU8mi|MoveL,sub-2IU8mi,MoveL,L,raw_beta_gamma_power,zscored_euclidean,20,9,1.0838349942499825,0.8579869986444867,3.581037707328543,True,2,-0.22584799560549584,sub-FYbcap|MoveL,sub-FYbcap,MoveL,L,good
sub-2IhVOz|HoldR,sub-2IhVOz,HoldR,R,raw_beta_gamma_power,cosine,20,2,1.0844843248515623,0.7214402014478107,0.8003565400267683,True,3,-0.3630441234037516,sub-jyC0j3|HoldR,sub-jyC0j3,HoldR,R,good
sub-2IhVOz|HoldR,sub-2IhVOz,HoldR,R,raw_beta_gamma_power,zscored_euclidean,20,2,91.69443022024261,88.75781877214013,88.92957465948797,True,3,-2.9366114481024823,sub-FIyfdR|HoldR,sub-FIyfdR,HoldR,R,good
sub-2IhVOz|MoveR,sub-2IhVOz,MoveR,R,raw_beta_gamma_power,cosine,20,3,1.0886810333083041,0.9142157924119331,0.9914939872192483,True,4,-0.17446524089637105,sub-FIyfdR|MoveR,sub-FIyfdR,MoveR,R,good
sub-2IhVOz|MoveR,sub-2IhVOz,MoveR,R,raw_beta_gamma_power,zscored_euclidean,20,3,92.05682469798458,89.71588927530354,89.837586299225,True,4,-2.340935422681042,sub-FIyfdR|MoveR,sub-FIyfdR,MoveR,R,good
sub-AB2PeX|HoldL,sub-AB2PeX,HoldL,L,raw_beta_gamma_power,zscored_euclidean,20,11,3.5826214353121966,1.037440039708759,3.7060082545312496,True,6,-2.5451813956034375,sub-gNX5yb|HoldL,sub-gNX5yb,HoldL,L,acceptable
sub-AB2PeX|MoveL,sub-AB2PeX,MoveL,L,raw_beta_gamma_power,zscored_euclidean,20,9,5.935839071693803,1.164981442396055,3.7487645402121217,True,9,-4.7708576292977485,sub-hnetKS|MoveL,sub-hnetKS,MoveL,L,good
sub-AbzsOg|HoldL,sub-AbzsOg,HoldL,L,raw_beta_gamma_power,cosine,20,6,1.6950904494773225,0.045209264904724655,1.2619519844259213,True,4,-1.6498811845725978,sub-QZTsn6|HoldL,sub-QZTsn6,HoldL,L,good
sub-AbzsOg|HoldL,sub-AbzsOg,HoldL,L,raw_beta_gamma_power,zscored_euclidean,20,6,4.117797471042392,1.0424967427494698,4.351689040438522,True,3,-3.0753007282929223,sub-QZTsn6|HoldL,sub-QZTsn6,HoldL,L,good
sub-AbzsOg|MoveL,sub-AbzsOg,MoveL,L,raw_beta_gamma_power,cosine,20,9,0.9391318980599107,0.22757229067356366,0.9280578528691691,True,6,-0.711559607386347,sub-FYbcap|MoveL,sub-FYbcap,MoveL,L,good
sub-AbzsOg|MoveL,sub-AbzsOg,MoveL,L,raw_beta_gamma_power,zscored_euclidean,20,9,3.3164129001239337,0.5602284274554118,3.02827712293953,True,7,-2.756184472668522,sub-2IU8mi|MoveL,sub-2IU8mi,MoveL,L,good
sub-FIyfdR|HoldR,sub-FIyfdR,HoldR,R,raw_beta_gamma_power,zscored_euclidean,20,2,4.225670396794329,2.3152276254918718,6.014344619432016,True,2,-1.9104427713024572,sub-jyC0j3|HoldR,sub-jyC0j3,HoldR,R,good
sub-FIyfdR|MoveR,sub-FIyfdR,MoveR,R,raw_beta_gamma_power,cosine,20,3,0.40858595405359566,0.30301854987601706,1.338726830234207,True,2,-0.1055674041775786,sub-2IhVOz|MoveR,sub-2IhVOz,MoveR,R,low_quality
sub-FYbcap|HoldL,sub-FYbcap,HoldL,L,raw_beta_gamma_power,cosine,20,2,0.4442608891237564,0.16735446546194543,0.9353082469573601,True,2,-0.27690642366181095,sub-i4oK0F|HoldL,sub-i4oK0F,HoldL,L,acceptable
sub-FYbcap|MoveL,sub-FYbcap,MoveL,L,raw_beta_gamma_power,cosine,20,9,1.6401865170446701,0.052685624984370905,0.89860683215431,True,8,-1.5875008920602993,sub-QZTsn6|MoveL,sub-QZTsn6,MoveL,L,good
sub-FYbcap|MoveL,sub-FYbcap,MoveL,L,raw_beta_gamma_power,zscored_euclidean,20,9,2.704241169140419,1.707486727774511,3.2642578372952,True,6,-0.9967544413659082,sub-hnetKS|MoveL,sub-hnetKS,MoveL,L,good
sub-PuPVlx|HoldL,sub-PuPVlx,HoldL,L,raw_beta_gamma_power,cosine,20,6,0.030975457980499166,0.009783364374619019,0.6562775403597293,True,2,-0.021192093605880147,sub-0cGdk9|HoldL,sub-0cGdk9,HoldL,L,good
sub-PuPVlx|HoldL,sub-PuPVlx,HoldL,L,raw_beta_gamma_power,zscored_euclidean,20,6,1.8043322574509215,0.6598047481252137,4.121449463662308,True,2,-1.144527509325708,sub-0cGdk9|HoldL,sub-0cGdk9,HoldL,L,good
sub-QZTsn6|HoldL,sub-QZTsn6,HoldL,L,raw_beta_gamma_power,cosine,20,6,1.7741978513502543,0.01697804854464391,0.40645151027181997,True,7,-1.7572198028056105,sub-0cGdk9|HoldL,sub-0cGdk9,HoldL,L,good
sub-QZTsn6|HoldL,sub-QZTsn6,HoldL,L,raw_beta_gamma_power,zscored_euclidean,20,6,7.1730781003392,0.8606150973628661,2.8050259232065393,True,7,-6.312463002976334,sub-0cGdk9|HoldL,sub-0cGdk9,HoldL,L,good
sub-QZTsn6|MoveL,sub-QZTsn6,MoveL,L,raw_beta_gamma_power,cosine,20,9,1.7592970010454079,0.01220076044042262,0.8629085896875434,True,8,-1.7470962406049853,sub-PuPVlx|MoveL,sub-PuPVlx,MoveL,L,good
sub-QZTsn6|MoveL,sub-QZTsn6,MoveL,L,raw_beta_gamma_power,zscored_euclidean,20,9,7.11118555330905,0.804849288010136,4.7111519821609775,True,9,-6.306336265298914,sub-PuPVlx|MoveL,sub-PuPVlx,MoveL,L,good
sub-dCsWjQ|HoldL,sub-dCsWjQ,HoldL,L,raw_beta_gamma_power,cosine,20,6,0.5517456462656569,0.032418297407808216,0.5991815646688399,True,5,-0.5193273488578487,sub-0cGdk9|HoldL,sub-0cGdk9,HoldL,L,good
sub-dCsWjQ|HoldL,sub-dCsWjQ,HoldL,L,raw_beta_gamma_power,zscored_euclidean,20,6,2.2625517731962588,0.9493695750394564,2.357430019614697,True,4,-1.3131821981568024,sub-2IU8mi|HoldL,sub-2IU8mi,HoldL,L,good
sub-dCsWjQ|MoveL,sub-dCsWjQ,MoveL,L,raw_beta_gamma_power,cosine,20,9,1.2867045747461094,0.09501764975710625,0.9004361464251657,True,7,-1.1916869249890032,sub-PuPVlx|MoveL,sub-PuPVlx,MoveL,L,good
sub-dCsWjQ|MoveL,sub-dCsWjQ,MoveL,L,raw_beta_gamma_power,zscored_euclidean,20,9,3.5012894290052556,1.3774233784764531,3.805845892635176,True,7,-2.1238660505288025,sub-FYbcap|MoveL,sub-FYbcap,MoveL,L,good
sub-gNX5yb|HoldL,sub-gNX5yb,HoldL,L,raw_beta_gamma_power,cosine,20,2,0.7072408035766549,0.25328473151970776,0.4676781488849127,True,3,-0.4539560720569471,sub-FYbcap|HoldL,sub-FYbcap,HoldL,L,acceptable
sub-gNX5yb|HoldL,sub-gNX5yb,HoldL,L,raw_beta_gamma_power,zscored_euclidean,20,2,2.7176932451745595,1.1805367421769215,1.6988177059103338,True,3,-1.537156502997638,sub-FYbcap|HoldL,sub-FYbcap,HoldL,L,acceptable
sub-gNX5yb|MoveL,sub-gNX5yb,MoveL,L,raw_beta_gamma_power,zscored_euclidean,20,9,1.4685497013614113,0.7180317165446031,3.2479216363081833,True,3,-0.7505179848168082,sub-2IU8mi|MoveL,sub-2IU8mi,MoveL,L,good
sub-hnetKS|HoldL,sub-hnetKS,HoldL,L,raw_beta_gamma_power,cosine,20,6,0.40279597940283074,0.1311491260082629,1.4457396995251977,True,2,-0.27164685339456784,sub-QZTsn6|HoldL,sub-QZTsn6,HoldL,L,good
sub-hnetKS|HoldL,sub-hnetKS,HoldL,L,raw_beta_gamma_power,zscored_euclidean,20,6,4.202492525743999,2.521342489509851,6.142458469853761,True,2,-1.6811500362341478,sub-QZTsn6|HoldL,sub-QZTsn6,HoldL,L,good
sub-i4oK0F|HoldL,sub-i4oK0F,HoldL,L,raw_beta_gamma_power,zscored_euclidean,20,2,1.9163589571218074,1.8057564855553991,2.9418317707006696,True,2,-0.11060247156640823,sub-FYbcap|HoldL,sub-FYbcap,HoldL,L,acceptable
sub-i4oK0F|MoveL,sub-i4oK0F,MoveL,L,raw_beta_gamma_power,cosine,20,11,0.208825130948616,0.09237294760706394,0.8558691283918537,True,3,-0.11645218334155205,sub-oLNpHd|MoveL,sub-oLNpHd,MoveL,L,unknown
sub-iDpl28|HoldR,sub-iDpl28,HoldR,R,raw_beta_gamma_power,zscored_euclidean,20,4,2.762930345070417,2.245926228445806,4.988622229598123,True,2,-0.5170041166246109,sub-jyC0j3|HoldR,sub-jyC0j3,HoldR,R,good
sub-oLNpHd|MoveL,sub-oLNpHd,MoveL,L,raw_beta_gamma_power,cosine,20,11,0.04145901868015922,0.0349122281137112,0.7755839427470892,True,2,-0.006546790566448024,sub-i4oK0F|MoveL,sub-i4oK0F,MoveL,L,caution
sub-2IhVOz|HoldR,sub-2IhVOz,HoldR,R,MEG_motor_power_features,cosine,10,2,1.7743497548158302,0.05474631521990725,0.5553178800468179,True,3,-1.719603439595923,sub-FIyfdR|HoldR,sub-FIyfdR,HoldR,R,good
sub-2IhVOz|HoldR,sub-2IhVOz,HoldR,R,MEG_motor_power_features,zscored_euclidean,10,2,96.4062053921072,93.948881709447,94.5059614249607,True,3,-2.4573236826602027,sub-FIyfdR|HoldR,sub-FIyfdR,HoldR,R,good
sub-2IhVOz|MoveR,sub-2IhVOz,MoveR,R,MEG_motor_power_features,cosine,10,3,1.7686709087812398,0.9288933781531955,1.1206780601759305,True,4,-0.8397775306280443,sub-VopvKx|MoveR,sub-VopvKx,MoveR,R,caution
sub-2IhVOz|MoveR,sub-2IhVOz,MoveR,R,MEG_motor_power_features,zscored_euclidean,10,3,96.98535572791351,95.39602148711462,95.62647053405959,True,4,-1.589334240798891,sub-VopvKx|MoveR,sub-VopvKx,MoveR,R,caution
sub-AB2PeX|HoldL,sub-AB2PeX,HoldL,L,MEG_motor_power_features,cosine,10,11,0.06434190243002702,0.016233586567195202,0.27787079389357744,True,3,-0.04810831586283182,sub-PuPVlx|HoldL,sub-PuPVlx,HoldL,L,good
sub-AB2PeX|HoldL,sub-AB2PeX,HoldL,L,MEG_motor_power_features,zscored_euclidean,10,11,0.45934844068634934,0.27863610117440163,0.8120007610513127,True,2,-0.1807123395119477,sub-PuPVlx|HoldL,sub-PuPVlx,HoldL,L,good
sub-AB2PeX|MoveL,sub-AB2PeX,MoveL,L,MEG_motor_power_features,cosine,10,9,0.0419438571104207,0.02471612375044252,0.4755243764486106,True,3,-0.01722773335997818,sub-PuPVlx|MoveL,sub-PuPVlx,MoveL,L,good
sub-AB2PeX|MoveL,sub-AB2PeX,MoveL,L,MEG_motor_power_features,zscored_euclidean,10,9,0.37385375585373404,0.24863635136006157,1.050028203401489,True,2,-0.12521740449367247,sub-PuPVlx|MoveL,sub-PuPVlx,MoveL,L,good
sub-AbzsOg|MoveL,sub-AbzsOg,MoveL,L,MEG_motor_power_features,cosine,10,9,1.6711042449255578,0.043626956946898776,0.4100319770854014,True,10,-1.627477287978659,sub-2IU8mi|MoveL,sub-2IU8mi,MoveL,L,good
sub-AbzsOg|MoveL,sub-AbzsOg,MoveL,L,MEG_motor_power_features,zscored_euclidean,10,9,3.4172600542322376,0.20268556439693583,0.4711384292797217,True,10,-3.214574489835302,sub-2IU8mi|MoveL,sub-2IU8mi,MoveL,L,good
sub-FYbcap|HoldL,sub-FYbcap,HoldL,L,MEG_motor_power_features,cosine,10,2,0.09291656827553807,0.031078820739570467,0.15376604053816273,True,2,-0.0618377475359676,sub-i4oK0F|HoldL,sub-i4oK0F,HoldL,L,acceptable
sub-FYbcap|HoldL,sub-FYbcap,HoldL,L,MEG_motor_power_features,zscored_euclidean,10,2,0.2571225922870033,0.1365968808396288,0.26088839272516606,True,2,-0.1205257114473745,sub-i4oK0F|HoldL,sub-i4oK0F,HoldL,L,acceptable
sub-QZTsn6|HoldL,sub-QZTsn6,HoldL,L,MEG_motor_power_features,cosine,10,6,0.03696700795248764,0.005012864047416743,0.2787429755664239,True,2,-0.0319541439050709,sub-PuPVlx|HoldL,sub-PuPVlx,HoldL,L,good
sub-QZTsn6|HoldL,sub-QZTsn6,HoldL,L,MEG_motor_power_features,zscored_euclidean,10,6,0.365080301938794,0.09053326378467724,0.5585761468401028,True,2,-0.27454703815411674,sub-PuPVlx|HoldL,sub-PuPVlx,HoldL,L,good
sub-QZTsn6|MoveL,sub-QZTsn6,MoveL,L,MEG_motor_power_features,cosine,10,9,0.046953700842463864,0.007458270566934155,0.4743787985821137,True,2,-0.03949543027552971,sub-PuPVlx|MoveL,sub-PuPVlx,MoveL,L,good
sub-QZTsn6|MoveL,sub-QZTsn6,MoveL,L,MEG_motor_power_features,zscored_euclidean,10,9,0.42996873563467386,0.13089866321481883,0.8969912131554404,True,4,-0.29907007241985506,sub-PuPVlx|MoveL,sub-PuPVlx,MoveL,L,good
sub-dCsWjQ|HoldL,sub-dCsWjQ,HoldL,L,MEG_motor_power_features,cosine,10,6,0.8901474490292778,0.046625492466856655,0.1951598563180049,True,7,-0.8435219565624211,sub-0cGdk9|HoldL,sub-0cGdk9,HoldL,L,good
sub-dCsWjQ|HoldL,sub-dCsWjQ,HoldL,L,MEG_motor_power_features,zscored_euclidean,10,6,0.4667010516595056,0.13178896238270602,0.33934961647223766,True,6,-0.3349120892767996,sub-2IU8mi|HoldL,sub-2IU8mi,HoldL,L,good
sub-dCsWjQ|MoveL,sub-dCsWjQ,MoveL,L,MEG_motor_power_features,cosine,10,9,1.2433244928581544,0.07161430375283384,0.45423402587966727,True,9,-1.1717101891053205,sub-2IU8mi|MoveL,sub-2IU8mi,MoveL,L,good
sub-dCsWjQ|MoveL,sub-dCsWjQ,MoveL,L,MEG_motor_power_features,zscored_euclidean,10,9,0.5994682046074121,0.17334348428375485,0.7167900316545535,True,7,-0.4261247203236573,sub-2IU8mi|MoveL,sub-2IU8mi,MoveL,L,good
sub-gNX5yb|MoveL,sub-gNX5yb,MoveL,L,MEG_motor_power_features,cosine,10,9,0.05676298353476483,0.027503724452207612,0.5610969864105644,True,2,-0.02925925908255722,sub-FYbcap|MoveL,sub-FYbcap,MoveL,L,good
sub-gNX5yb|MoveL,sub-gNX5yb,MoveL,L,MEG_motor_power_features,zscored_euclidean,10,9,0.15303343211353126,0.10910285993574997,0.7557716168839723,True,2,-0.04393057217778129,sub-FYbcap|MoveL,sub-FYbcap,MoveL,L,good
sub-i4oK0F|HoldL,sub-i4oK0F,HoldL,L,MEG_motor_power_features,zscored_euclidean,10,2,0.1303764526389771,0.12215305326151016,0.16018875721612072,True,2,-0.008223399377466939,sub-FYbcap|HoldL,sub-FYbcap,HoldL,L,acceptable
sub-i4oK0F|MoveL,sub-i4oK0F,MoveL,L,MEG_motor_power_features,cosine,10,11,0.02955312818919098,0.007392806717800737,0.44968816959355584,True,3,-0.022160321471390243,sub-oLNpHd|MoveL,sub-oLNpHd,MoveL,L,unknown
sub-i4oK0F|MoveL,sub-i4oK0F,MoveL,L,MEG_motor_power_features,zscored_euclidean,10,11,0.16526437516014109,0.10777980884302316,0.7370720634779514,True,2,-0.05748456631711793,sub-FYbcap|MoveL,sub-FYbcap,MoveL,L,good
sub-iDpl28|HoldR,sub-iDpl28,HoldR,R,MEG_motor_power_features,cosine,10,4,0.047575627919591024,0.03595421817777844,0.07196961315392683,True,2,-0.011621409741812583,sub-FIyfdR|HoldR,sub-FIyfdR,HoldR,R,good
sub-2IU8mi|HoldL,sub-2IU8mi,HoldL,L,all_v2_features,cosine,61,6,0.7363422523633465,0.4362304220592713,1.0456628981621774,True,3,-0.3001118303040752,sub-0cGdk9|HoldL,sub-0cGdk9,HoldL,L,good
sub-2IhVOz|HoldR,sub-2IhVOz,HoldR,R,all_v2_features,cosine,61,2,1.0814344129438354,0.8723533103120037,0.9467507011356009,True,3,-0.20908110263183166,sub-FIyfdR|HoldR,sub-FIyfdR,HoldR,R,good
sub-2IhVOz|HoldR,sub-2IhVOz,HoldR,R,all_v2_features,zscored_euclidean,61,2,98.183702928162,94.43721307975525,94.90920732652401,True,3,-3.7464898484067533,sub-FIyfdR|HoldR,sub-FIyfdR,HoldR,R,good
sub-2IhVOz|MoveR,sub-2IhVOz,MoveR,R,all_v2_features,cosine,61,3,1.095473013831742,0.9576304867361631,1.014231435693014,True,3,-0.13784252709557876,sub-VopvKx|MoveR,sub-VopvKx,MoveR,R,caution
sub-2IhVOz|MoveR,sub-2IhVOz,MoveR,R,all_v2_features,zscored_euclidean,61,3,98.35787812602665,95.47450132663876,95.75161878970509,True,4,-2.8833767993878894,sub-VopvKx|MoveR,sub-VopvKx,MoveR,R,caution
sub-AB2PeX|HoldL,sub-AB2PeX,HoldL,L,all_v2_features,cosine,61,11,0.9055166496685192,0.18499741099434175,0.9323005839883318,True,6,-0.7205192386741774,sub-gNX5yb|HoldL,sub-gNX5yb,HoldL,L,acceptable
sub-AB2PeX|HoldL,sub-AB2PeX,HoldL,L,all_v2_features,zscored_euclidean,61,11,11.62681788315623,2.6446046654993047,7.4477386802531065,True,9,-8.982213217656925,sub-gNX5yb|HoldL,sub-gNX5yb,HoldL,L,acceptable
sub-AB2PeX|MoveL,sub-AB2PeX,MoveL,L,all_v2_features,zscored_euclidean,61,9,6.46723320713043,5.966997446732304,9.518261357531392,True,2,-0.5002357603981267,sub-FYbcap|MoveL,sub-FYbcap,MoveL,L,good
sub-AbzsOg|HoldL,sub-AbzsOg,HoldL,L,all_v2_features,zscored_euclidean,61,6,8.784297226283327,7.611769505005979,9.457830015460262,True,4,-1.1725277212773477,sub-2IU8mi|HoldL,sub-2IU8mi,HoldL,L,good
sub-AbzsOg|MoveL,sub-AbzsOg,MoveL,L,all_v2_features,cosine,61,9,0.1362519927157244,0.10815258841613196,0.984616209365213,True,2,-0.028099404299592456,sub-hnetKS|MoveL,sub-hnetKS,MoveL,L,good
sub-AbzsOg|MoveL,sub-AbzsOg,MoveL,L,all_v2_features,zscored_euclidean,61,9,8.586944666628735,7.140647299342952,9.708920554394945,True,4,-1.4462973672857835,sub-gNX5yb|MoveL,sub-gNX5yb,MoveL,L,good
sub-FIyfdR|MoveR,sub-FIyfdR,MoveR,R,all_v2_features,cosine,61,3,1.2607761520472183,1.0999442080522095,1.3565715643613947,True,2,-0.16083194399500877,sub-2IhVOz|MoveR,sub-2IhVOz,MoveR,R,low_quality
sub-QZTsn6|HoldL,sub-QZTsn6,HoldL,L,all_v2_features,cosine,61,6,0.6656870136179254,0.26408602467302245,0.9300602901043256,True,3,-0.4016009889449029,sub-PuPVlx|HoldL,sub-PuPVlx,HoldL,L,good
sub-QZTsn6|HoldL,sub-QZTsn6,HoldL,L,all_v2_features,zscored_euclidean,61,6,7.826427378147655,4.929347405935012,10.12102177044372,True,4,-2.8970799722126435,sub-PuPVlx|HoldL,sub-PuPVlx,HoldL,L,good
sub-QZTsn6|MoveL,sub-QZTsn6,MoveL,L,all_v2_features,cosine,61,9,0.621956693922623,0.13171262538661244,0.9973120252391495,True,3,-0.49024406853601055,sub-PuPVlx|MoveL,sub-PuPVlx,MoveL,L,good
sub-QZTsn6|MoveL,sub-QZTsn6,MoveL,L,all_v2_features,zscored_euclidean,61,9,7.46313975801753,3.605820625112401,10.61972495122674,True,4,-3.8573191329051286,sub-PuPVlx|MoveL,sub-PuPVlx,MoveL,L,good
sub-dCsWjQ|HoldL,sub-dCsWjQ,HoldL,L,all_v2_features,cosine,61,6,0.9492304278509275,0.5314490325412184,0.7951596028421979,True,5,-0.41778139530970904,sub-PuPVlx|HoldL,sub-PuPVlx,HoldL,L,good
sub-dCsWjQ|HoldL,sub-dCsWjQ,HoldL,L,all_v2_features,zscored_euclidean,61,6,13.797308411757077,3.655820642277131,7.032038409770074,True,7,-10.141487769479946,sub-2IU8mi|HoldL,sub-2IU8mi,HoldL,L,good
sub-dCsWjQ|MoveL,sub-dCsWjQ,MoveL,L,all_v2_features,cosine,61,9,1.0847065647317948,0.4338916256355735,1.0359789631732792,True,7,-0.6508149390962213,sub-PuPVlx|MoveL,sub-PuPVlx,MoveL,L,good
sub-dCsWjQ|MoveL,sub-dCsWjQ,MoveL,L,all_v2_features,zscored_euclidean,61,9,11.270421258767215,4.847576521112069,8.726595518709644,True,7,-6.422844737655145,sub-0cGdk9|MoveL,sub-0cGdk9,MoveL,L,good
sub-hnetKS|MoveL,sub-hnetKS,MoveL,L,all_v2_features,zscored_euclidean,61,9,10.804541404197213,10.200386484296073,14.138379146097586,True,3,-0.6041549199011396,sub-AbzsOg|MoveL,sub-AbzsOg,MoveL,L,good
sub-i4oK0F|HoldL,sub-i4oK0F,HoldL,L,all_v2_features,cosine,61,2,0.5922920613231901,0.4236338495785893,0.6028061710322278,True,2,-0.16865821174460083,sub-FYbcap|HoldL,sub-FYbcap,HoldL,L,acceptable
sub-i4oK0F|HoldL,sub-i4oK0F,HoldL,L,all_v2_features,zscored_euclidean,61,2,5.652150789391467,4.185693079990265,4.584862721186145,True,3,-1.466457709401202,sub-FYbcap|HoldL,sub-FYbcap,HoldL,L,acceptable
sub-i4oK0F|MoveL,sub-i4oK0F,MoveL,L,all_v2_features,zscored_euclidean,61,11,2.475301324016211,2.4664664358426664,8.443354795419829,True,2,-0.00883488817354472,sub-0cGdk9|MoveL,sub-0cGdk9,MoveL,L,good
sub-0cGdk9|HoldL,sub-0cGdk9,HoldL,L,v2A_compact_rerank_features,cosine,12,6,0.5980429822554698,0.4695991053333832,0.7545528172115986,True,2,-0.1284438769220866,sub-dCsWjQ|HoldL,sub-dCsWjQ,HoldL,L,good
sub-0cGdk9|HoldL,sub-0cGdk9,HoldL,L,v2A_compact_rerank_features,zscored_euclidean,12,6,3.156654600970676,2.6451564541314756,3.5952318979795934,True,2,-0.5114981468392004,sub-2IU8mi|HoldL,sub-2IU8mi,HoldL,L,good
sub-0cGdk9|MoveL,sub-0cGdk9,MoveL,L,v2A_compact_rerank_features,cosine,12,9,1.007542304878546,0.16653310620700534,1.057269850686659,True,6,-0.8410091986715406,sub-QZTsn6|MoveL,sub-QZTsn6,MoveL,L,good
sub-0cGdk9|MoveL,sub-0cGdk9,MoveL,L,v2A_compact_rerank_features,zscored_euclidean,12,9,3.7810319873316103,3.1583932943780235,5.097511405999722,True,3,-0.6226386929535868,sub-QZTsn6|MoveL,sub-QZTsn6,MoveL,L,good
sub-2IU8mi|MoveL,sub-2IU8mi,MoveL,L,v2A_compact_rerank_features,cosine,12,9,0.31379508273373813,0.12072312537669427,0.9047589433144125,True,2,-0.19307195735704386,sub-AbzsOg|MoveL,sub-AbzsOg,MoveL,L,good
sub-2IhVOz|MoveR,sub-2IhVOz,MoveR,R,v2A_compact_rerank_features,cosine,12,3,1.1614356050833183,0.8247556556031512,1.1351548174012216,True,3,-0.3366799494801671,sub-jyC0j3|MoveR,sub-jyC0j3,MoveR,R,good
sub-2IhVOz|MoveR,sub-2IhVOz,MoveR,R,v2A_compact_rerank_features,zscored_euclidean,12,3,11.60013771309128,6.209141627124395,7.216052907404261,True,4,-5.3909960859668855,sub-jyC0j3|MoveR,sub-jyC0j3,MoveR,R,good
sub-AbzsOg|HoldL,sub-AbzsOg,HoldL,L,v2A_compact_rerank_features,cosine,12,6,0.6098638279469726,0.38027211014624696,0.9228006070513937,True,2,-0.22959171780072563,sub-0cGdk9|HoldL,sub-0cGdk9,HoldL,L,good
sub-AbzsOg|HoldL,sub-AbzsOg,HoldL,L,v2A_compact_rerank_features,zscored_euclidean,12,6,4.241974989268215,3.153336036203462,4.8206100676775545,True,2,-1.088638953064753,sub-0cGdk9|HoldL,sub-0cGdk9,HoldL,L,good
sub-AbzsOg|MoveL,sub-AbzsOg,MoveL,L,v2A_compact_rerank_features,zscored_euclidean,12,9,2.334396679610549,2.0993572097454853,4.813958226871744,True,2,-0.23503946986506374,sub-2IU8mi|MoveL,sub-2IU8mi,MoveL,L,good
sub-FIyfdR|MoveR,sub-FIyfdR,MoveR,R,v2A_compact_rerank_features,zscored_euclidean,12,3,4.429231989751177,3.990290671731685,5.276950686617109,True,2,-0.4389413180194919,sub-jyC0j3|MoveR,sub-jyC0j3,MoveR,R,good
sub-FYbcap|HoldL,sub-FYbcap,HoldL,L,v2A_compact_rerank_features,zscored_euclidean,12,2,5.790800208973769,3.365408203678839,5.202888874487755,True,2,-2.42539200529493,sub-i4oK0F|HoldL,sub-i4oK0F,HoldL,L,acceptable
sub-QZTsn6|MoveL,sub-QZTsn6,MoveL,L,v2A_compact_rerank_features,cosine,12,9,0.5263550544250493,0.25543104674800066,1.0140803309082722,True,3,-0.2709240076770486,sub-AB2PeX|MoveL,sub-AB2PeX,MoveL,L,good
sub-QZTsn6|MoveL,sub-QZTsn6,MoveL,L,v2A_compact_rerank_features,zscored_euclidean,12,9,4.973220331049119,2.422890778927094,4.86224655598931,True,6,-2.550329552122025,sub-AB2PeX|MoveL,sub-AB2PeX,MoveL,L,good
sub-VopvKx|HoldR,sub-VopvKx,HoldR,R,v2A_compact_rerank_features,cosine,12,4,0.6820816785139744,0.08642817647582701,0.8736937290871287,True,2,-0.5956535020381474,sub-jyC0j3|HoldR,sub-jyC0j3,HoldR,R,good
sub-VopvKx|HoldR,sub-VopvKx,HoldR,R,v2A_compact_rerank_features,zscored_euclidean,12,4,2.313175517752397,0.7590412414386118,3.5609363203981443,True,2,-1.5541342763137853,sub-jyC0j3|HoldR,sub-jyC0j3,HoldR,R,good
sub-VopvKx|MoveR,sub-VopvKx,MoveR,R,v2A_compact_rerank_features,cosine,12,3,0.2876510145800728,0.25627650056966655,0.7246554834446512,True,2,-0.03137451401040625,sub-jyC0j3|MoveR,sub-jyC0j3,MoveR,R,good
sub-VopvKx|MoveR,sub-VopvKx,MoveR,R,v2A_compact_rerank_features,zscored_euclidean,12,3,1.4974284773915996,1.3540017514591571,4.456841396268037,True,2,-0.14342672593244243,sub-jyC0j3|MoveR,sub-jyC0j3,MoveR,R,good
sub-dCsWjQ|HoldL,sub-dCsWjQ,HoldL,L,v2A_compact_rerank_features,cosine,12,6,0.7323876821604951,0.21840762899970123,1.132717102470085,True,3,-0.5139800531607939,sub-2IU8mi|HoldL,sub-2IU8mi,HoldL,L,good
sub-dCsWjQ|HoldL,sub-dCsWjQ,HoldL,L,v2A_compact_rerank_features,zscored_euclidean,12,6,5.047228465142598,1.2139436626174884,3.6035565987827667,True,7,-3.8332848025251094,sub-2IU8mi|HoldL,sub-2IU8mi,HoldL,L,good
sub-dCsWjQ|MoveL,sub-dCsWjQ,MoveL,L,v2A_compact_rerank_features,cosine,12,9,0.804040747562399,0.1596484854858552,0.8824806874564154,True,5,-0.6443922620765438,sub-gNX5yb|MoveL,sub-gNX5yb,MoveL,L,good
sub-dCsWjQ|MoveL,sub-dCsWjQ,MoveL,L,v2A_compact_rerank_features,zscored_euclidean,12,9,5.144703907631807,1.1957936438445054,3.8503821377912226,True,7,-3.9489102637873015,sub-2IU8mi|MoveL,sub-2IU8mi,MoveL,L,good
sub-i4oK0F|MoveL,sub-i4oK0F,MoveL,L,v2A_compact_rerank_features,zscored_euclidean,12,11,2.236910308515961,1.7505516366189577,3.8941984377607786,True,2,-0.48635867189700344,sub-2IU8mi|MoveL,sub-2IU8mi,MoveL,L,good
sub-iDpl28|HoldR,sub-iDpl28,HoldR,R,v2A_compact_rerank_features,zscored_euclidean,12,4,3.61250486724896,2.6177747519791366,3.678156639386476,True,3,-0.9947301152698236,sub-jyC0j3|HoldR,sub-jyC0j3,HoldR,R,good
